Date,Open,High,Low,Close,Volume,Dividends,Stock Splits
2022-01-27 00:00:00+09:00,597000.0,598000.0,450000.0,505000.0,15946992,0.0,0.0
2022-01-28 00:00:00+09:00,476000.0,483000.0,445000.0,450000.0,4559773,0.0,0.0
2022-02-03 00:00:00+09:00,458000.0,495500.0,441000.0,477000.0,2918435,0.0,0.0
2022-02-04 00:00:00+09:00,476500.0,505000.0,476000.0,504000.0,2088996,0.0,0.0
2022-02-07 00:00:00+09:00,520000.0,548000.0,511000.0,548000.0,1911176,0.0,0.0
2022-02-08 00:00:00+09:00,548000.0,548000.0,548000.0,548000.0,0,0.0,0.0
2022-02-09 00:00:00+09:00,550000.0,557000.0,505000.0,511000.0,2070704,0.0,0.0
2022-02-10 00:00:00+09:00,507000.0,507000.0,471500.0,474500.0,2306815,0.0,0.0
2022-02-11 00:00:00+09:00,463500.0,484000.0,457000.0,482000.0,1411055,0.0,0.0
2022-02-14 00:00:00+09:00,473000.0,482000.0,459500.0,463000.0,3285402,0.0,0.0
2022-02-15 00:00:00+09:00,460000.0,468000.0,450000.0,451500.0,825406,0.0,0.0
2022-02-16 00:00:00+09:00,464000.0,465000.0,449500.0,455500.0,961669,0.0,0.0
2022-02-17 00:00:00+09:00,454500.0,460000.0,447000.0,454500.0,711183,0.0,0.0
2022-02-18 00:00:00+09:00,448500.0,454500.0,448000.0,454500.0,418728,0.0,0.0
2022-02-21 00:00:00+09:00,450000.0,453000.0,447500.0,453000.0,327509,0.0,0.0
2022-02-22 00:00:00+09:00,444500.0,448000.0,440000.0,440000.0,557179,0.0,0.0
2022-02-23 00:00:00+09:00,440000.0,440000.0,440000.0,440000.0,0,0.0,0.0
2022-02-24 00:00:00+09:00,435000.0,438000.0,416000.0,416500.0,883314,0.0,0.0
2022-02-25 00:00:00+09:00,425000.0,430000.0,418500.0,420000.0,465140,0.0,0.0
2022-02-28 00:00:00+09:00,420000.0,420000.0,420000.0,420000.0,0,0.0,0.0
2022-03-02 00:00:00+09:00,411000.0,434500.0,408500.0,434000.0,895460,0.0,0.0
2022-03-03 00:00:00+09:00,439500.0,441000.0,430000.0,437000.0,460544,0.0,0.0
2022-03-04 00:00:00+09:00,433500.0,436500.0,427000.0,428500.0,310930,0.0,0.0
2022-03-07 00:00:00+09:00,420500.0,421000.0,412000.0,414000.0,370588,0.0,0.0
2022-03-08 00:00:00+09:00,406000.0,417000.0,402500.0,410500.0,393413,0.0,0.0
2022-03-10 00:00:00+09:00,410500.0,410500.0,410500.0,410500.0,0,0.0,0.0
2022-03-11 00:00:00+09:00,411500.0,412000.0,390500.0,391000.0,1811373,0.0,0.0
2022-03-14 00:00:00+09:00,385000.0,385500.0,361500.0,363500.0,1999479,0.0,0.0
2022-03-15 00:00:00+09:00,363000.0,370000.0,355000.0,359500.0,1064506,0.0,0.0
2022-03-16 00:00:00+09:00,359500.0,359500.0,359500.0,359500.0,0,0.0,0.0
2022-03-17 00:00:00+09:00,374000.0,381500.0,373000.0,376000.0,816118,0.0,0.0
2022-03-18 00:00:00+09:00,377500.0,384000.0,370500.0,382000.0,643915,0.0,0.0
2022-03-21 00:00:00+09:00,382000.0,382000.0,382000.0,382000.0,0,0.0,0.0
2022-03-22 00:00:00+09:00,388500.0,399000.0,388000.0,397500.0,413972,0.0,0.0
2022-03-23 00:00:00+09:00,403000.0,407500.0,398000.0,407000.0,523438,0.0,0.0
2022-03-24 00:00:00+09:00,405000.0,410000.0,398000.0,408000.0,320746,0.0,0.0
2022-03-25 00:00:00+09:00,418500.0,444000.0,417500.0,439000.0,1528600,0.0,0.0
2022-03-28 00:00:00+09:00,439000.0,439000.0,439000.0,439000.0,0,0.0,0.0
2022-03-29 00:00:00+09:00,443000.0,448500.0,440500.0,441000.0,375894,0.0,0.0
2022-03-30 00:00:00+09:00,444500.0,445000.0,427000.0,440500.0,440195,0.0,0.0
2022-03-31 00:00:00+09:00,437000.0,444000.0,435000.0,442000.0,272318,0.0,0.0
2022-04-01 00:00:00+09:00,438500.0,439500.0,425000.0,428000.0,456080,0.0,0.0
2022-04-04 00:00:00+09:00,422000.0,440500.0,417500.0,438500.0,362727,0.0,0.0
2022-04-05 00:00:00+09:00,442500.0,450000.0,437000.0,449000.0,491410,0.0,0.0
2022-04-06 00:00:00+09:00,436000.0,448500.0,436000.0,444500.0,415524,0.0,0.0
2022-04-07 00:00:00+09:00,438000.0,442000.0,431000.0,436500.0,316409,0.0,0.0
2022-04-08 00:00:00+09:00,449000.0,449000.0,437500.0,439500.0,395489,0.0,0.0
2022-04-11 00:00:00+09:00,435000.0,435500.0,423500.0,425000.0,289205,0.0,0.0
2022-04-12 00:00:00+09:00,417000.0,421500.0,410000.0,411000.0,382240,0.0,0.0
2022-04-13 00:00:00+09:00,414000.0,431500.0,404000.0,431000.0,386194,0.0,0.0
2022-04-14 00:00:00+09:00,434000.0,441000.0,427500.0,441000.0,321259,0.0,0.0
2022-04-15 00:00:00+09:00,435500.0,445000.0,431500.0,435000.0,307347,0.0,0.0
2022-04-18 00:00:00+09:00,434000.0,439500.0,432500.0,433000.0,115652,0.0,0.0
2022-04-19 00:00:00+09:00,438000.0,441500.0,434000.0,435500.0,124432,0.0,0.0
2022-04-20 00:00:00+09:00,437500.0,438000.0,432000.0,436500.0,202657,0.0,0.0
2022-04-21 00:00:00+09:00,437500.0,440000.0,434500.0,437000.0,234128,0.0,0.0
2022-04-22 00:00:00+09:00,434000.0,437500.0,428500.0,436500.0,266806,0.0,0.0
2022-04-25 00:00:00+09:00,430000.0,436000.0,428500.0,433000.0,254452,0.0,0.0
2022-04-26 00:00:00+09:00,432000.0,432000.0,414500.0,423500.0,520529,0.0,0.0
2022-04-27 00:00:00+09:00,399500.0,427000.0,397000.0,418000.0,1478354,0.0,0.0
2022-04-28 00:00:00+09:00,420500.0,421000.0,412500.0,417500.0,358325,0.0,0.0
2022-04-29 00:00:00+09:00,418000.0,426000.0,414000.0,417000.0,332582,0.0,0.0
2022-05-02 00:00:00+09:00,412500.0,414500.0,407000.0,408500.0,365546,0.0,0.0
2022-05-03 00:00:00+09:00,409500.0,415000.0,406500.0,407500.0,254850,0.0,0.0
2022-05-04 00:00:00+09:00,409500.0,410500.0,399500.0,401500.0,364195,0.0,0.0
2022-05-06 00:00:00+09:00,395000.0,401500.0,390000.0,401500.0,350875,0.0,0.0
2022-05-10 00:00:00+09:00,387500.0,398500.0,382000.0,393500.0,407928,0.0,0.0
2022-05-11 00:00:00+09:00,394000.0,398000.0,391500.0,391500.0,239355,0.0,0.0
2022-05-12 00:00:00+09:00,390000.0,395500.0,386000.0,388000.0,251570,0.0,0.0
2022-05-13 00:00:00+09:00,390500.0,401500.0,390500.0,400500.0,228636,0.0,0.0
2022-05-16 00:00:00+09:00,407000.0,407500.0,397000.0,400500.0,200731,0.0,0.0
2022-05-17 00:00:00+09:00,400500.0,411000.0,399000.0,408500.0,230327,0.0,0.0
2022-05-18 00:00:00+09:00,410000.0,413000.0,407500.0,410000.0,233063,0.0,0.0
2022-05-19 00:00:00+09:00,398500.0,417000.0,398500.0,415500.0,320709,0.0,0.0
2022-05-20 00:00:00+09:00,421000.0,439000.0,418000.0,434000.0,881979,0.0,0.0
2022-05-23 00:00:00+09:00,438500.0,444000.0,432500.0,438000.0,361437,0.0,0.0
2022-05-24 00:00:00+09:00,438500.0,444000.0,436500.0,438500.0,350284,0.0,0.0
2022-05-25 00:00:00+09:00,439000.0,439000.0,422000.0,426500.0,365195,0.0,0.0
2022-05-26 00:00:00+09:00,426500.0,432500.0,424500.0,430500.0,162583,0.0,0.0
2022-05-27 00:00:00+09:00,434500.0,437000.0,427500.0,430500.0,214801,0.0,0.0
2022-05-30 00:00:00+09:00,434500.0,440000.0,432000.0,439500.0,229834,0.0,0.0
2022-05-31 00:00:00+09:00,441500.0,444000.0,436000.0,444000.0,345830,0.0,0.0
2022-06-02 00:00:00+09:00,440500.0,442000.0,438000.0,440500.0,153596,0.0,0.0
2022-06-03 00:00:00+09:00,443500.0,444000.0,437500.0,437500.0,154981,0.0,0.0
2022-06-07 00:00:00+09:00,436500.0,439500.0,432000.0,432000.0,180249,0.0,0.0
2022-06-08 00:00:00+09:00,432500.0,434500.0,422500.0,425500.0,215828,0.0,0.0
2022-06-09 00:00:00+09:00,426000.0,426000.0,419000.0,422500.0,208712,0.0,0.0
2022-06-10 00:00:00+09:00,418000.0,426000.0,412500.0,425000.0,285077,0.0,0.0
2022-06-13 00:00:00+09:00,414000.0,420500.0,413500.0,415000.0,267003,0.0,0.0
2022-06-14 00:00:00+09:00,411000.0,432500.0,410500.0,426500.0,417106,0.0,0.0
2022-06-15 00:00:00+09:00,426000.0,427500.0,417000.0,420000.0,275832,0.0,0.0
2022-06-16 00:00:00+09:00,424500.0,439500.0,424500.0,427000.0,365836,0.0,0.0
2022-06-17 00:00:00+09:00,419500.0,430000.0,417000.0,425500.0,1211937,0.0,0.0
2022-06-20 00:00:00+09:00,426500.0,427000.0,408500.0,411500.0,285056,0.0,0.0
2022-06-21 00:00:00+09:00,414500.0,416500.0,406000.0,413000.0,204026,0.0,0.0
2022-06-22 00:00:00+09:00,415000.0,416500.0,401000.0,401000.0,210875,0.0,0.0
2022-06-23 00:00:00+09:00,401000.0,404500.0,391000.0,400000.0,298719,0.0,0.0
2022-06-24 00:00:00+09:00,399000.0,405000.0,398000.0,405000.0,235758,0.0,0.0
2022-06-27 00:00:00+09:00,408500.0,414500.0,403500.0,412000.0,206869,0.0,0.0
2022-06-28 00:00:00+09:00,412000.0,415000.0,406500.0,410500.0,129697,0.0,0.0
2022-06-29 00:00:00+09:00,402000.0,403500.0,391500.0,391500.0,327192,0.0,0.0
2022-06-30 00:00:00+09:00,388500.0,389000.0,370500.0,371000.0,459845,0.0,0.0
2022-07-01 00:00:00+09:00,371000.0,371500.0,356000.0,356500.0,434833,0.0,0.0
2022-07-04 00:00:00+09:00,356500.0,361000.0,352000.0,356000.0,161015,0.0,0.0
2022-07-05 00:00:00+09:00,356500.0,362500.0,356000.0,361500.0,219192,0.0,0.0
2022-07-06 00:00:00+09:00,367500.0,374500.0,364000.0,370500.0,393886,0.0,0.0
2022-07-07 00:00:00+09:00,374500.0,375000.0,367500.0,373500.0,223247,0.0,0.0
2022-07-08 00:00:00+09:00,375000.0,392500.0,375000.0,388000.0,397140,0.0,0.0
2022-07-11 00:00:00+09:00,389000.0,402000.0,380500.0,395000.0,345052,0.0,0.0
2022-07-12 00:00:00+09:00,393000.0,403000.0,387500.0,401000.0,324262,0.0,0.0
2022-07-13 00:00:00+09:00,398500.0,404000.0,392000.0,400000.0,223258,0.0,0.0
2022-07-14 00:00:00+09:00,400000.0,404000.0,399000.0,399500.0,197883,0.0,0.0
2022-07-15 00:00:00+09:00,401500.0,402000.0,394000.0,400000.0,146816,0.0,0.0
2022-07-18 00:00:00+09:00,400000.0,400500.0,387000.0,393000.0,233929,0.0,0.0
2022-07-19 00:00:00+09:00,391500.0,393500.0,382500.0,383000.0,205688,0.0,0.0
2022-07-20 00:00:00+09:00,387000.0,389500.0,383500.0,384000.0,181936,0.0,0.0
2022-07-21 00:00:00+09:00,385000.0,390500.0,384500.0,390500.0,185937,0.0,0.0
2022-07-22 00:00:00+09:00,391500.0,392500.0,382000.0,382000.0,300672,0.0,0.0
2022-07-25 00:00:00+09:00,376000.0,393500.0,371000.0,391000.0,653865,0.0,0.0
2022-07-26 00:00:00+09:00,388000.0,409500.0,386500.0,394000.0,691524,0.0,0.0
2022-07-27 00:00:00+09:00,383000.0,397000.0,382500.0,393500.0,2624439,0.0,0.0
2022-07-28 00:00:00+09:00,396000.0,419000.0,393500.0,415500.0,1654973,0.0,0.0
2022-07-29 00:00:00+09:00,416000.0,423000.0,411000.0,422000.0,721315,0.0,0.0
2022-08-01 00:00:00+09:00,420000.0,428000.0,416500.0,419500.0,370740,0.0,0.0
2022-08-02 00:00:00+09:00,420000.0,424000.0,413000.0,417000.0,282849,0.0,0.0
2022-08-03 00:00:00+09:00,416000.0,437000.0,415500.0,437000.0,733137,0.0,0.0
2022-08-04 00:00:00+09:00,444500.0,446500.0,438500.0,443000.0,573214,0.0,0.0
2022-08-05 00:00:00+09:00,443500.0,449000.0,440500.0,446000.0,409770,0.0,0.0
2022-08-08 00:00:00+09:00,443000.0,448500.0,440500.0,447000.0,256471,0.0,0.0
2022-08-09 00:00:00+09:00,448000.0,458500.0,444000.0,457500.0,593954,0.0,0.0
2022-08-10 00:00:00+09:00,455500.0,459500.0,452500.0,458000.0,280484,0.0,0.0
2022-08-11 00:00:00+09:00,462000.0,474000.0,461000.0,472000.0,641654,0.0,0.0
2022-08-12 00:00:00+09:00,469000.0,473000.0,455500.0,460500.0,430857,0.0,0.0
2022-08-16 00:00:00+09:00,464500.0,469500.0,458500.0,460500.0,327692,0.0,0.0
2022-08-17 00:00:00+09:00,461000.0,461500.0,450000.0,453500.0,343740,0.0,0.0
2022-08-18 00:00:00+09:00,450000.0,455000.0,445000.0,452000.0,255728,0.0,0.0
2022-08-19 00:00:00+09:00,452500.0,455000.0,445500.0,447000.0,225884,0.0,0.0
2022-08-22 00:00:00+09:00,441500.0,447500.0,438500.0,442500.0,207144,0.0,0.0
2022-08-23 00:00:00+09:00,441500.0,449000.0,439500.0,445000.0,225611,0.0,0.0
2022-08-24 00:00:00+09:00,449500.0,454000.0,441500.0,451000.0,242174,0.0,0.0
2022-08-25 00:00:00+09:00,452500.0,459000.0,449000.0,459000.0,262145,0.0,0.0
2022-08-26 00:00:00+09:00,461000.0,467000.0,460500.0,465500.0,316072,0.0,0.0
2022-08-29 00:00:00+09:00,451000.0,465000.0,447500.0,459500.0,339935,0.0,0.0
2022-08-30 00:00:00+09:00,470500.0,478000.0,463500.0,465500.0,422011,0.0,0.0
2022-08-31 00:00:00+09:00,462500.0,466000.0,455000.0,462500.0,432953,0.0,0.0
2022-09-01 00:00:00+09:00,455500.0,469000.0,455000.0,463000.0,289808,0.0,0.0
2022-09-02 00:00:00+09:00,467500.0,487000.0,466500.0,482000.0,731539,0.0,0.0
2022-09-05 00:00:00+09:00,481500.0,492000.0,480500.0,483000.0,323405,0.0,0.0
2022-09-06 00:00:00+09:00,483000.0,486000.0,475000.0,483500.0,205898,0.0,0.0
2022-09-07 00:00:00+09:00,481500.0,490500.0,481000.0,488000.0,276296,0.0,0.0
2022-09-08 00:00:00+09:00,492500.0,494000.0,486000.0,486500.0,327964,0.0,0.0
2022-09-13 00:00:00+09:00,492000.0,500000.0,485500.0,497000.0,437949,0.0,0.0
2022-09-14 00:00:00+09:00,487000.0,500000.0,486500.0,498500.0,412616,0.0,0.0
2022-09-15 00:00:00+09:00,499500.0,513000.0,497500.0,511000.0,447162,0.0,0.0
2022-09-16 00:00:00+09:00,512000.0,516000.0,501000.0,506000.0,975540,0.0,0.0
2022-09-19 00:00:00+09:00,507000.0,507000.0,475000.0,477500.0,524253,0.0,0.0
2022-09-20 00:00:00+09:00,484000.0,491000.0,475500.0,483500.0,321658,0.0,0.0
2022-09-21 00:00:00+09:00,481500.0,487500.0,476500.0,479500.0,251723,0.0,0.0
2022-09-22 00:00:00+09:00,475500.0,492000.0,473500.0,488500.0,270673,0.0,0.0
2022-09-23 00:00:00+09:00,489000.0,489500.0,460000.0,460500.0,434212,0.0,0.0
2022-09-26 00:00:00+09:00,453000.0,458000.0,440000.0,446500.0,446277,0.0,0.0
2022-09-27 00:00:00+09:00,447500.0,451000.0,435000.0,444000.0,365111,0.0,0.0
2022-09-28 00:00:00+09:00,444000.0,451500.0,427000.0,433500.0,434645,0.0,0.0
2022-09-29 00:00:00+09:00,440500.0,448000.0,436500.0,440000.0,315304,0.0,0.0
2022-09-30 00:00:00+09:00,433000.0,438500.0,420000.0,426500.0,359392,0.0,0.0
2022-10-04 00:00:00+09:00,429500.0,446000.0,415000.0,444500.0,385281,0.0,0.0
2022-10-05 00:00:00+09:00,455000.0,470500.0,448500.0,469000.0,500217,0.0,0.0
2022-10-06 00:00:00+09:00,470000.0,487000.0,466500.0,478000.0,355060,0.0,0.0
2022-10-07 00:00:00+09:00,474500.0,486000.0,474000.0,482500.0,278082,0.0,0.0
2022-10-11 00:00:00+09:00,482000.0,497500.0,477500.0,497500.0,482189,0.0,0.0
2022-10-12 00:00:00+09:00,497500.0,498000.0,475500.0,483000.0,372446,0.0,0.0
2022-10-13 00:00:00+09:00,484500.0,492500.0,476500.0,477000.0,305035,0.0,0.0
2022-10-14 00:00:00+09:00,487000.0,489500.0,479000.0,483000.0,234212,0.0,0.0
2022-10-17 00:00:00+09:00,479500.0,491500.0,477000.0,491500.0,234777,0.0,0.0
2022-10-18 00:00:00+09:00,497000.0,499500.0,481500.0,489000.0,338046,0.0,0.0
2022-10-19 00:00:00+09:00,491000.0,500000.0,489500.0,497500.0,347663,0.0,0.0
2022-10-20 00:00:00+09:00,499000.0,500000.0,484500.0,495000.0,301938,0.0,0.0
2022-10-21 00:00:00+09:00,491000.0,499000.0,489000.0,499000.0,211677,0.0,0.0
2022-10-24 00:00:00+09:00,504000.0,510000.0,500000.0,509000.0,346950,0.0,0.0
2022-10-25 00:00:00+09:00,510000.0,526000.0,509000.0,511000.0,473847,0.0,0.0
2022-10-26 00:00:00+09:00,517000.0,530000.0,514000.0,529000.0,445935,0.0,0.0
2022-10-27 00:00:00+09:00,535000.0,545000.0,532000.0,540000.0,370279,0.0,0.0
2022-10-28 00:00:00+09:00,540000.0,549000.0,530000.0,532000.0,381489,0.0,0.0
2022-10-31 00:00:00+09:00,539000.0,542000.0,516000.0,528000.0,627381,0.0,0.0
2022-11-01 00:00:00+09:00,534000.0,563000.0,533000.0,563000.0,516467,0.0,0.0
2022-11-02 00:00:00+09:00,564000.0,585000.0,560000.0,569000.0,587884,0.0,0.0
2022-11-03 00:00:00+09:00,560000.0,593000.0,557000.0,589000.0,423465,0.0,0.0
2022-11-04 00:00:00+09:00,590000.0,598000.0,583000.0,592000.0,363743,0.0,0.0
2022-11-07 00:00:00+09:00,591000.0,596000.0,581000.0,587000.0,260646,0.0,0.0
2022-11-08 00:00:00+09:00,590000.0,590000.0,570000.0,588000.0,367102,0.0,0.0
2022-11-09 00:00:00+09:00,591000.0,599000.0,581000.0,599000.0,304293,0.0,0.0
2022-11-10 00:00:00+09:00,595000.0,610000.0,593000.0,605000.0,381672,0.0,0.0
2022-11-11 00:00:00+09:00,623000.0,629000.0,613000.0,624000.0,447112,0.0,0.0
2022-11-14 00:00:00+09:00,618000.0,628000.0,602000.0,604000.0,433612,0.0,0.0
2022-11-15 00:00:00+09:00,604000.0,610000.0,586000.0,596000.0,380071,0.0,0.0
2022-11-16 00:00:00+09:00,599000.0,603000.0,585000.0,600000.0,246738,0.0,0.0
2022-11-17 00:00:00+09:00,596000.0,606000.0,593000.0,597000.0,157723,0.0,0.0
2022-11-18 00:00:00+09:00,600000.0,613000.0,597000.0,598000.0,237076,0.0,0.0
2022-11-21 00:00:00+09:00,600000.0,600000.0,571000.0,573000.0,375953,0.0,0.0
2022-11-22 00:00:00+09:00,569000.0,578000.0,558000.0,571000.0,323986,0.0,0.0
2022-11-23 00:00:00+09:00,574000.0,576000.0,557000.0,561000.0,313170,0.0,0.0
2022-11-24 00:00:00+09:00,568000.0,574000.0,565000.0,568000.0,202426,0.0,0.0
2022-11-25 00:00:00+09:00,568000.0,577000.0,566000.0,571000.0,189536,0.0,0.0
2022-11-28 00:00:00+09:00,573000.0,584000.0,554000.0,562000.0,327688,0.0,0.0
2022-11-29 00:00:00+09:00,562000.0,568000.0,558000.0,567000.0,276910,0.0,0.0
2022-11-30 00:00:00+09:00,563000.0,587000.0,556000.0,587000.0,1549820,0.0,0.0
2022-12-01 00:00:00+09:00,589000.0,591000.0,579000.0,585000.0,360664,0.0,0.0
2022-12-02 00:00:00+09:00,585000.0,590000.0,578000.0,584000.0,239024,0.0,0.0
2022-12-05 00:00:00+09:00,582000.0,582000.0,562000.0,562000.0,370292,0.0,0.0
2022-12-06 00:00:00+09:00,555000.0,568000.0,553000.0,559000.0,249853,0.0,0.0
2022-12-07 00:00:00+09:00,558000.0,565000.0,553000.0,563000.0,209953,0.0,0.0
2022-12-08 00:00:00+09:00,564000.0,567000.0,525000.0,531000.0,928841,0.0,0.0
2022-12-09 00:00:00+09:00,533000.0,534000.0,507000.0,515000.0,621086,0.0,0.0
2022-12-12 00:00:00+09:00,506000.0,514000.0,501000.0,502000.0,410188,0.0,0.0
2022-12-13 00:00:00+09:00,506000.0,506000.0,489000.0,496500.0,409056,0.0,0.0
2022-12-14 00:00:00+09:00,492500.0,502000.0,488000.0,498500.0,321107,0.0,0.0
2022-12-15 00:00:00+09:00,499000.0,502000.0,483000.0,486000.0,324362,0.0,0.0
2022-12-16 00:00:00+09:00,476500.0,489500.0,476500.0,485500.0,312213,0.0,0.0
2022-12-19 00:00:00+09:00,482500.0,483000.0,473000.0,482000.0,333848,0.0,0.0
2022-12-20 00:00:00+09:00,478500.0,497500.0,477000.0,487500.0,328234,0.0,0.0
2022-12-21 00:00:00+09:00,489500.0,493000.0,475000.0,477000.0,244350,0.0,0.0
2022-12-22 00:00:00+09:00,479500.0,481000.0,466500.0,471500.0,340815,0.0,0.0
2022-12-23 00:00:00+09:00,464000.0,465500.0,455000.0,455500.0,287228,0.0,0.0
2022-12-26 00:00:00+09:00,454000.0,459500.0,454000.0,457500.0,149013,0.0,0.0
2022-12-27 00:00:00+09:00,457500.0,460000.0,449500.0,457000.0,231365,0.0,0.0
2022-12-28 00:00:00+09:00,450500.0,450500.0,432500.0,436500.0,446129,0.0,0.0
2022-12-29 00:00:00+09:00,435500.0,442500.0,432500.0,435500.0,265226,0.0,0.0
2023-01-02 00:00:00+09:00,442000.0,455000.0,441500.0,446000.0,250046,0.0,0.0
2023-01-03 00:00:00+09:00,446000.0,449500.0,435000.0,440500.0,218710,0.0,0.0
2023-01-04 00:00:00+09:00,433000.0,445000.0,421000.0,443000.0,291720,0.0,0.0
2023-01-05 00:00:00+09:00,447000.0,450000.0,433000.0,433500.0,291874,0.0,0.0
2023-01-06 00:00:00+09:00,429500.0,444000.0,423000.0,444000.0,294525,0.0,0.0
2023-01-09 00:00:00+09:00,449500.0,465000.0,448500.0,464000.0,395601,0.0,0.0
2023-01-10 00:00:00+09:00,473500.0,484000.0,467000.0,473500.0,608987,0.0,0.0
2023-01-11 00:00:00+09:00,474000.0,478500.0,469000.0,474500.0,254291,0.0,0.0
2023-01-12 00:00:00+09:00,481000.0,482000.0,472000.0,478000.0,287924,0.0,0.0
2023-01-13 00:00:00+09:00,479500.0,482000.0,475500.0,478000.0,181006,0.0,0.0
2023-01-16 00:00:00+09:00,478500.0,480500.0,475500.0,480500.0,138434,0.0,0.0
2023-01-17 00:00:00+09:00,478500.0,479000.0,454500.0,458000.0,390507,0.0,0.0
2023-01-18 00:00:00+09:00,464000.0,467000.0,454500.0,458000.0,282241,0.0,0.0
2023-01-19 00:00:00+09:00,458000.0,463000.0,448000.0,456000.0,271694,0.0,0.0
2023-01-20 00:00:00+09:00,456500.0,471500.0,450500.0,469500.0,266206,0.0,0.0
2023-01-25 00:00:00+09:00,470000.0,484000.0,470000.0,483000.0,1671,0.0,0.0
2023-01-26 00:00:00+09:00,485500.0,520000.0,476500.0,517000.0,2155,0.0,0.0
2023-01-27 00:00:00+09:00,525000.0,526000.0,504000.0,506000.0,3193,0.0,0.0
2023-01-30 00:00:00+09:00,498500.0,515000.0,490000.0,509000.0,6763,0.0,0.0
2023-01-31 00:00:00+09:00,504000.0,528000.0,501000.0,521000.0,2937,0.0,0.0
2023-02-01 00:00:00+09:00,527000.0,531000.0,518000.0,522000.0,2642,0.0,0.0
2023-02-02 00:00:00+09:00,529000.0,534000.0,522000.0,534000.0,3085,0.0,0.0
2023-02-03 00:00:00+09:00,533000.0,541000.0,530000.0,533000.0,1804,0.0,0.0
2023-02-06 00:00:00+09:00,530000.0,533000.0,521000.0,525000.0,2328,0.0,0.0
2023-02-07 00:00:00+09:00,520000.0,544000.0,520000.0,543000.0,2115,0.0,0.0
2023-02-08 00:00:00+09:00,545000.0,549000.0,542000.0,546000.0,1489,0.0,0.0
2023-02-09 00:00:00+09:00,544000.0,550000.0,540000.0,550000.0,6355,0.0,0.0
2023-02-10 00:00:00+09:00,547000.0,548000.0,535000.0,540000.0,2024,0.0,0.0
2023-02-13 00:00:00+09:00,536000.0,537000.0,522000.0,522000.0,3391,0.0,0.0
2023-02-14 00:00:00+09:00,526000.0,532000.0,520000.0,525000.0,2197,0.0,0.0
2023-02-15 00:00:00+09:00,531000.0,543000.0,526000.0,527000.0,2439,0.0,0.0
2023-02-16 00:00:00+09:00,534000.0,549000.0,531000.0,549000.0,4999,0.0,0.0
2023-02-17 00:00:00+09:00,540000.0,548000.0,529000.0,533000.0,2755,0.0,0.0
2023-02-20 00:00:00+09:00,534000.0,534000.0,511000.0,516000.0,3243,0.0,0.0
2023-02-21 00:00:00+09:00,517000.0,522000.0,511000.0,520000.0,1865,0.0,0.0
2023-02-22 00:00:00+09:00,507000.0,516000.0,504000.0,508000.0,3147,0.0,0.0
2023-02-23 00:00:00+09:00,511000.0,515000.0,504000.0,507000.0,8959,0.0,0.0
2023-02-24 00:00:00+09:00,508000.0,522000.0,507000.0,511000.0,936,0.0,0.0
2023-02-27 00:00:00+09:00,507000.0,512000.0,499000.0,508000.0,256666,0.0,0.0
2023-02-28 00:00:00+09:00,516000.0,532000.0,515000.0,523000.0,419180,0.0,0.0
2023-03-02 00:00:00+09:00,520000.0,542000.0,516000.0,535000.0,506812,0.0,0.0
2023-03-03 00:00:00+09:00,539000.0,542000.0,533000.0,538000.0,288004,0.0,0.0
2023-03-06 00:00:00+09:00,545000.0,547000.0,533000.0,547000.0,418951,0.0,0.0
2023-03-07 00:00:00+09:00,548000.0,570000.0,543000.0,566000.0,834010,0.0,0.0
2023-03-08 00:00:00+09:00,559000.0,569000.0,551000.0,562000.0,374233,0.0,0.0
2023-03-09 00:00:00+09:00,564000.0,569000.0,545000.0,549000.0,411910,0.0,0.0
2023-03-10 00:00:00+09:00,537000.0,553000.0,534000.0,551000.0,270554,0.0,0.0
2023-03-13 00:00:00+09:00,554000.0,565000.0,549000.0,563000.0,365145,0.0,0.0
2023-03-14 00:00:00+09:00,560000.0,561000.0,545000.0,548000.0,306944,0.0,0.0
2023-03-15 00:00:00+09:00,551000.0,573000.0,549000.0,565000.0,455274,0.0,0.0
2023-03-16 00:00:00+09:00,561000.0,578000.0,558000.0,576000.0,499942,0.0,0.0
2023-03-17 00:00:00+09:00,579000.0,579000.0,550000.0,553000.0,461982,0.0,0.0
2023-03-20 00:00:00+09:00,546000.0,551000.0,537000.0,544000.0,229510,0.0,0.0
2023-03-21 00:00:00+09:00,549000.0,559000.0,545000.0,546000.0,186781,0.0,0.0
2023-03-22 00:00:00+09:00,557000.0,577000.0,555000.0,573000.0,534061,0.0,0.0
2023-03-23 00:00:00+09:00,568000.0,580000.0,566000.0,575000.0,457612,0.0,0.0
2023-03-24 00:00:00+09:00,577000.0,578000.0,556000.0,569000.0,317648,0.0,0.0
2023-03-27 00:00:00+09:00,588000.0,594000.0,572000.0,574000.0,553025,0.0,0.0
2023-03-28 00:00:00+09:00,578000.0,579000.0,566000.0,577000.0,264318,0.0,0.0
2023-03-29 00:00:00+09:00,578000.0,585000.0,577000.0,583000.0,368772,0.0,0.0
2023-03-30 00:00:00+09:00,587000.0,590000.0,576000.0,588000.0,334990,0.0,0.0
2023-03-31 00:00:00+09:00,582000.0,590000.0,571000.0,584000.0,298469,0.0,0.0
2023-04-03 00:00:00+09:00,588000.0,590000.0,577000.0,586000.0,330892,0.0,0.0
2023-04-04 00:00:00+09:00,586000.0,598000.0,572000.0,575000.0,444861,0.0,0.0
2023-04-05 00:00:00+09:00,575000.0,589000.0,574000.0,588000.0,235578,0.0,0.0
2023-04-06 00:00:00+09:00,587000.0,590000.0,578000.0,580000.0,278416,0.0,0.0
2023-04-07 00:00:00+09:00,581000.0,590000.0,579000.0,580000.0,366225,0.0,0.0
2023-04-10 00:00:00+09:00,587000.0,598000.0,584000.0,596000.0,597900,0.0,0.0
2023-04-11 00:00:00+09:00,600000.0,613000.0,596000.0,610000.0,811886,0.0,0.0
2023-04-12 00:00:00+09:00,608000.0,610000.0,588000.0,590000.0,541299,0.0,0.0
2023-04-13 00:00:00+09:00,581000.0,599000.0,575000.0,599000.0,386450,0.0,0.0
2023-04-14 00:00:00+09:00,603000.0,604000.0,586000.0,594000.0,339843,0.0,0.0
2023-04-17 00:00:00+09:00,588000.0,593000.0,584000.0,591000.0,276643,0.0,0.0
2023-04-18 00:00:00+09:00,593000.0,598000.0,586000.0,592000.0,247157,0.0,0.0
2023-04-19 00:00:00+09:00,593000.0,593000.0,581000.0,582000.0,300756,0.0,0.0
2023-04-20 00:00:00+09:00,582000.0,586000.0,575000.0,580000.0,247483,0.0,0.0
2023-04-21 00:00:00+09:00,577000.0,578000.0,563000.0,572000.0,267430,0.0,0.0
2023-04-24 00:00:00+09:00,566000.0,575000.0,563000.0,566000.0,189996,0.0,0.0
2023-04-25 00:00:00+09:00,570000.0,575000.0,548000.0,551000.0,328253,0.0,0.0
2023-04-26 00:00:00+09:00,551000.0,572000.0,550000.0,567000.0,296105,0.0,0.0
2023-04-27 00:00:00+09:00,573000.0,588000.0,567000.0,587000.0,463287,0.0,0.0
2023-04-28 00:00:00+09:00,590000.0,591000.0,573000.0,581000.0,316880,0.0,0.0
2023-05-02 00:00:00+09:00,580000.0,592000.0,579000.0,591000.0,273527,0.0,0.0
2023-05-03 00:00:00+09:00,587000.0,587000.0,566000.0,567000.0,243943,0.0,0.0
2023-05-04 00:00:00+09:00,563000.0,571000.0,560000.0,564000.0,244181,0.0,0.0
2023-05-08 00:00:00+09:00,565000.0,572000.0,558000.0,558000.0,202092,0.0,0.0
2023-05-09 00:00:00+09:00,558000.0,567000.0,550000.0,563000.0,169554,0.0,0.0
2023-05-10 00:00:00+09:00,561000.0,570000.0,559000.0,566000.0,144538,0.0,0.0
2023-05-11 00:00:00+09:00,568000.0,572000.0,550000.0,553000.0,290645,0.0,0.0
2023-05-12 00:00:00+09:00,547000.0,549000.0,542000.0,547000.0,184132,0.0,0.0
2023-05-15 00:00:00+09:00,542000.0,546000.0,530000.0,545000.0,211398,0.0,0.0
2023-05-16 00:00:00+09:00,549000.0,552000.0,538000.0,540000.0,178059,0.0,0.0
2023-05-17 00:00:00+09:00,538000.0,560000.0,534000.0,560000.0,185024,0.0,0.0
2023-05-18 00:00:00+09:00,563000.0,564000.0,555000.0,562000.0,144616,0.0,0.0
2023-05-19 00:00:00+09:00,560000.0,561000.0,552000.0,552000.0,156070,0.0,0.0
2023-05-22 00:00:00+09:00,553000.0,562000.0,547000.0,560000.0,154752,0.0,0.0
2023-05-23 00:00:00+09:00,564000.0,579000.0,563000.0,574000.0,243135,0.0,0.0
2023-05-24 00:00:00+09:00,574000.0,585000.0,572000.0,585000.0,257248,0.0,0.0
2023-05-25 00:00:00+09:00,579000.0,591000.0,576000.0,583000.0,199907,0.0,0.0
2023-05-26 00:00:00+09:00,580000.0,583000.0,575000.0,578000.0,113909,0.0,0.0
2023-05-30 00:00:00+09:00,583000.0,586000.0,575000.0,580000.0,175179,0.0,0.0
2023-05-31 00:00:00+09:00,581000.0,604000.0,581000.0,599000.0,610868,0.0,0.0
2023-06-01 00:00:00+09:00,595000.0,597000.0,584000.0,584000.0,204800,0.0,0.0
2023-06-02 00:00:00+09:00,588000.0,591000.0,586000.0,588000.0,155137,0.0,0.0
2023-06-05 00:00:00+09:00,590000.0,595000.0,587000.0,594000.0,198113,0.0,0.0
2023-06-07 00:00:00+09:00,597000.0,605000.0,597000.0,604000.0,498286,0.0,0.0
2023-06-08 00:00:00+09:00,601000.0,602000.0,588000.0,591000.0,286608,0.0,0.0
2023-06-09 00:00:00+09:00,597000.0,610000.0,597000.0,609000.0,449434,0.0,0.0
2023-06-12 00:00:00+09:00,614000.0,614000.0,603000.0,612000.0,231274,0.0,0.0
2023-06-13 00:00:00+09:00,612000.0,613000.0,604000.0,607000.0,194004,0.0,0.0
2023-06-14 00:00:00+09:00,610000.0,614000.0,588000.0,589000.0,300834,0.0,0.0
2023-06-15 00:00:00+09:00,594000.0,600000.0,581000.0,585000.0,340106,0.0,0.0
2023-06-16 00:00:00+09:00,591000.0,592000.0,582000.0,588000.0,271773,0.0,0.0
2023-06-19 00:00:00+09:00,579000.0,580000.0,558000.0,561000.0,900555,0.0,0.0
2023-06-20 00:00:00+09:00,561000.0,568000.0,555000.0,561000.0,337706,0.0,0.0
2023-06-21 00:00:00+09:00,563000.0,565000.0,556000.0,558000.0,267829,0.0,0.0
2023-06-22 00:00:00+09:00,556000.0,575000.0,556000.0,569000.0,319585,0.0,0.0
2023-06-23 00:00:00+09:00,570000.0,574000.0,561000.0,563000.0,176724,0.0,0.0
2023-06-26 00:00:00+09:00,562000.0,567000.0,559000.0,564000.0,136695,0.0,0.0
2023-06-27 00:00:00+09:00,561000.0,562000.0,556000.0,561000.0,214674,0.0,0.0
2023-06-28 00:00:00+09:00,561000.0,566000.0,545000.0,547000.0,300378,0.0,0.0
2023-06-29 00:00:00+09:00,548000.0,561000.0,547000.0,550000.0,230986,0.0,0.0
2023-06-30 00:00:00+09:00,551000.0,556000.0,548000.0,553000.0,173743,0.0,0.0
2023-07-03 00:00:00+09:00,557000.0,576000.0,556000.0,573000.0,290579,0.0,0.0
2023-07-04 00:00:00+09:00,573000.0,574000.0,564000.0,569000.0,252640,0.0,0.0
2023-07-05 00:00:00+09:00,569000.0,571000.0,564000.0,567000.0,159456,0.0,0.0
2023-07-06 00:00:00+09:00,569000.0,572000.0,562000.0,565000.0,200896,0.0,0.0
2023-07-07 00:00:00+09:00,570000.0,574000.0,556000.0,562000.0,287258,0.0,0.0
2023-07-10 00:00:00+09:00,564000.0,564000.0,550000.0,550000.0,302475,0.0,0.0
2023-07-11 00:00:00+09:00,553000.0,557000.0,547000.0,550000.0,257343,0.0,0.0
2023-07-12 00:00:00+09:00,538000.0,539000.0,530000.0,534000.0,1969703,0.0,0.0
2023-07-13 00:00:00+09:00,535000.0,544000.0,534000.0,542000.0,503736,0.0,0.0
2023-07-14 00:00:00+09:00,544000.0,546000.0,538000.0,542000.0,324259,0.0,0.0
2023-07-17 00:00:00+09:00,541000.0,542000.0,533000.0,538000.0,248574,0.0,0.0
2023-07-18 00:00:00+09:00,539000.0,553000.0,534000.0,549000.0,557507,0.0,0.0
2023-07-19 00:00:00+09:00,550000.0,564000.0,546000.0,560000.0,494088,0.0,0.0
2023-07-20 00:00:00+09:00,560000.0,563000.0,551000.0,556000.0,319843,0.0,0.0
2023-07-21 00:00:00+09:00,549000.0,574000.0,543000.0,569000.0,508472,0.0,0.0
2023-07-24 00:00:00+09:00,573000.0,602000.0,568000.0,597000.0,1074661,0.0,0.0
2023-07-25 00:00:00+09:00,607000.0,610000.0,585000.0,594000.0,756355,0.0,0.0
2023-07-26 00:00:00+09:00,595000.0,620000.0,560000.0,580000.0,1706916,0.0,0.0
2023-07-27 00:00:00+09:00,577000.0,577000.0,535000.0,540000.0,1180424,0.0,0.0
2023-07-28 00:00:00+09:00,540000.0,552000.0,540000.0,542000.0,561173,0.0,0.0
2023-07-31 00:00:00+09:00,545000.0,562000.0,545000.0,560000.0,378890,0.0,0.0
2023-08-01 00:00:00+09:00,562000.0,568000.0,550000.0,557000.0,406755,0.0,0.0
2023-08-02 00:00:00+09:00,551000.0,559000.0,543000.0,544000.0,273058,0.0,0.0
2023-08-03 00:00:00+09:00,541000.0,551000.0,539000.0,543000.0,299858,0.0,0.0
2023-08-04 00:00:00+09:00,545000.0,548000.0,540000.0,540000.0,164545,0.0,0.0
2023-08-07 00:00:00+09:00,540000.0,542000.0,513000.0,514000.0,549808,0.0,0.0
2023-08-08 00:00:00+09:00,517000.0,535000.0,517000.0,525000.0,328379,0.0,0.0
2023-08-09 00:00:00+09:00,530000.0,553000.0,528000.0,553000.0,485515,0.0,0.0
2023-08-10 00:00:00+09:00,549000.0,560000.0,543000.0,556000.0,344272,0.0,0.0
2023-08-11 00:00:00+09:00,559000.0,559000.0,543000.0,547000.0,228274,0.0,0.0
2023-08-14 00:00:00+09:00,545000.0,551000.0,536000.0,542000.0,238615,0.0,0.0
2023-08-16 00:00:00+09:00,533000.0,540000.0,524000.0,526000.0,289809,0.0,0.0
2023-08-17 00:00:00+09:00,522000.0,543000.0,522000.0,540000.0,306424,0.0,0.0
2023-08-18 00:00:00+09:00,534000.0,538000.0,525000.0,529000.0,205838,0.0,0.0
2023-08-21 00:00:00+09:00,530000.0,534000.0,522000.0,526000.0,251626,0.0,0.0
2023-08-22 00:00:00+09:00,531000.0,542000.0,531000.0,539000.0,195045,0.0,0.0
2023-08-23 00:00:00+09:00,535000.0,538000.0,525000.0,525000.0,191350,0.0,0.0
2023-08-24 00:00:00+09:00,532000.0,537000.0,523000.0,535000.0,191114,0.0,0.0
2023-08-25 00:00:00+09:00,527000.0,549000.0,525000.0,546000.0,249493,0.0,0.0
2023-08-28 00:00:00+09:00,550000.0,553000.0,542000.0,553000.0,246291,0.0,0.0
2023-08-29 00:00:00+09:00,554000.0,555000.0,546000.0,552000.0,225090,0.0,0.0
2023-08-30 00:00:00+09:00,557000.0,558000.0,550000.0,553000.0,224096,0.0,0.0
2023-08-31 00:00:00+09:00,554000.0,554000.0,543000.0,544000.0,1211809,0.0,0.0
2023-09-01 00:00:00+09:00,544000.0,544000.0,520000.0,522000.0,496771,0.0,0.0
2023-09-04 00:00:00+09:00,522000.0,531000.0,520000.0,530000.0,218035,0.0,0.0
2023-09-05 00:00:00+09:00,528000.0,537000.0,528000.0,536000.0,156600,0.0,0.0
2023-09-06 00:00:00+09:00,537000.0,540000.0,526000.0,527000.0,189937,0.0,0.0
2023-09-07 00:00:00+09:00,523000.0,529000.0,514000.0,517000.0,308430,0.0,0.0
2023-09-08 00:00:00+09:00,520000.0,521000.0,505000.0,509000.0,287513,0.0,0.0
2023-09-11 00:00:00+09:00,512000.0,512000.0,505000.0,508000.0,159612,0.0,0.0
2023-09-12 00:00:00+09:00,513000.0,516000.0,499500.0,499500.0,300881,0.0,0.0
2023-09-13 00:00:00+09:00,491000.0,502000.0,490000.0,494500.0,271068,0.0,0.0
2023-09-14 00:00:00+09:00,496500.0,511000.0,495000.0,508000.0,294550,0.0,0.0
2023-09-15 00:00:00+09:00,506000.0,521000.0,504000.0,514000.0,515495,0.0,0.0
2023-09-18 00:00:00+09:00,513000.0,514000.0,505000.0,507000.0,164941,0.0,0.0
2023-09-19 00:00:00+09:00,508000.0,511000.0,496000.0,496500.0,209840,0.0,0.0
2023-09-20 00:00:00+09:00,495000.0,502000.0,494000.0,499500.0,153389,0.0,0.0
2023-09-21 00:00:00+09:00,497000.0,497500.0,486000.0,487000.0,292854,0.0,0.0
2023-09-22 00:00:00+09:00,479000.0,495000.0,478500.0,491000.0,249462,0.0,0.0
2023-09-25 00:00:00+09:00,491500.0,491500.0,461500.0,476000.0,410299,0.0,0.0
2023-09-26 00:00:00+09:00,471500.0,479000.0,468500.0,475500.0,252369,0.0,0.0
2023-09-27 00:00:00+09:00,469500.0,476500.0,466500.0,476500.0,256074,0.0,0.0
2023-10-04 00:00:00+09:00,467000.0,471500.0,455500.0,456000.0,423482,0.0,0.0
2023-10-05 00:00:00+09:00,468500.0,477000.0,463000.0,467500.0,370971,0.0,0.0
2023-10-06 00:00:00+09:00,468000.0,476500.0,462500.0,464000.0,205780,0.0,0.0
2023-10-10 00:00:00+09:00,467500.0,473000.0,458000.0,458500.0,344073,0.0,0.0
2023-10-11 00:00:00+09:00,464500.0,496500.0,464500.0,492000.0,670584,0.0,0.0
2023-10-12 00:00:00+09:00,494000.0,501000.0,490000.0,493500.0,477829,0.0,0.0
2023-10-13 00:00:00+09:00,490000.0,490000.0,480000.0,484000.0,300483,0.0,0.0
2023-10-16 00:00:00+09:00,479500.0,481500.0,471500.0,474000.0,255899,0.0,0.0
2023-10-17 00:00:00+09:00,479500.0,482500.0,474000.0,475000.0,189464,0.0,0.0
2023-10-18 00:00:00+09:00,471500.0,472500.0,462000.0,465000.0,317384,0.0,0.0
2023-10-19 00:00:00+09:00,455500.0,457000.0,450000.0,452500.0,358437,0.0,0.0
2023-10-20 00:00:00+09:00,445500.0,446000.0,435500.0,436500.0,363181,0.0,0.0
2023-10-23 00:00:00+09:00,438000.0,442500.0,430500.0,436500.0,296136,0.0,0.0
2023-10-24 00:00:00+09:00,439500.0,449000.0,423000.0,448500.0,393138,0.0,0.0
2023-10-25 00:00:00+09:00,449000.0,449500.0,409000.0,409500.0,1005968,0.0,0.0
2023-10-26 00:00:00+09:00,398000.0,407000.0,395000.0,399500.0,534523,0.0,0.0
2023-10-27 00:00:00+09:00,399500.0,411000.0,396500.0,400000.0,500087,0.0,0.0
2023-10-30 00:00:00+09:00,397000.0,413000.0,397000.0,405000.0,342974,0.0,0.0
2023-10-31 00:00:00+09:00,404500.0,404500.0,382500.0,385500.0,719190,0.0,0.0
2023-11-01 00:00:00+09:00,389500.0,391500.0,375500.0,377500.0,348415,0.0,0.0
2023-11-02 00:00:00+09:00,383500.0,394000.0,380000.0,391500.0,485126,0.0,0.0
2023-11-03 00:00:00+09:00,402500.0,404500.0,396500.0,402000.0,442376,0.0,0.0
2023-11-06 00:00:00+09:00,451500.0,500000.0,435000.0,493500.0,1894906,0.0,0.0
2023-11-07 00:00:00+09:00,488500.0,488500.0,440500.0,443000.0,825182,0.0,0.0
2023-11-08 00:00:00+09:00,446000.0,459500.0,437500.0,437500.0,367858,0.0,0.0
2023-11-09 00:00:00+09:00,439000.0,447000.0,426500.0,429000.0,348224,0.0,0.0
2023-11-10 00:00:00+09:00,418500.0,422000.0,411000.0,411000.0,290145,0.0,0.0
2023-11-13 00:00:00+09:00,413000.0,425000.0,408000.0,415500.0,258047,0.0,0.0
2023-11-14 00:00:00+09:00,424500.0,444000.0,420500.0,437000.0,318068,0.0,0.0
2023-11-15 00:00:00+09:00,460000.0,460000.0,446000.0,451500.0,354065,0.0,0.0
2023-11-16 00:00:00+09:00,447500.0,449500.0,439000.0,442500.0,186484,0.0,0.0
2023-11-17 00:00:00+09:00,436000.0,437000.0,428000.0,432000.0,223340,0.0,0.0
2023-11-20 00:00:00+09:00,432000.0,445500.0,431500.0,444000.0,250872,0.0,0.0
2023-11-21 00:00:00+09:00,450000.0,452000.0,444000.0,447000.0,158805,0.0,0.0
2023-11-22 00:00:00+09:00,443000.0,446000.0,437000.0,442000.0,136059,0.0,0.0
2023-11-23 00:00:00+09:00,440500.0,450500.0,440500.0,448500.0,142291,0.0,0.0
2023-11-24 00:00:00+09:00,449500.0,452500.0,442500.0,442500.0,134085,0.0,0.0
2023-11-27 00:00:00+09:00,446000.0,447500.0,432500.0,434500.0,154442,0.0,0.0
2023-11-28 00:00:00+09:00,436500.0,440500.0,434000.0,435000.0,140561,0.0,0.0
2023-11-29 00:00:00+09:00,440000.0,447500.0,434000.0,447000.0,203907,0.0,0.0
2023-11-30 00:00:00+09:00,444000.0,454500.0,440500.0,454500.0,289478,0.0,0.0
2023-12-01 00:00:00+09:00,444000.0,448000.0,428500.0,428500.0,498100,0.0,0.0
2023-12-04 00:00:00+09:00,429500.0,436000.0,428000.0,430000.0,238728,0.0,0.0
2023-12-05 00:00:00+09:00,425000.0,434500.0,423000.0,430000.0,156615,0.0,0.0
2023-12-06 00:00:00+09:00,430500.0,435000.0,424500.0,424500.0,178434,0.0,0.0
2023-12-07 00:00:00+09:00,428000.0,429500.0,420000.0,426500.0,166343,0.0,0.0
2023-12-08 00:00:00+09:00,431500.0,436000.0,427500.0,430500.0,156894,0.0,0.0
2023-12-11 00:00:00+09:00,434000.0,434000.0,427000.0,428500.0,139380,0.0,0.0
2023-12-12 00:00:00+09:00,427000.0,430500.0,424000.0,424500.0,174436,0.0,0.0
2023-12-13 00:00:00+09:00,423000.0,424500.0,409500.0,410000.0,260657,0.0,0.0
2023-12-14 00:00:00+09:00,419500.0,422500.0,415000.0,422500.0,330547,0.0,0.0
2023-12-15 00:00:00+09:00,426500.0,431000.0,422000.0,422000.0,341008,0.0,0.0
2023-12-18 00:00:00+09:00,429500.0,430000.0,422000.0,422000.0,207795,0.0,0.0
2023-12-19 00:00:00+09:00,422000.0,428000.0,419000.0,426000.0,195288,0.0,0.0
2023-12-20 00:00:00+09:00,429000.0,434000.0,428000.0,432500.0,243818,0.0,0.0
2023-12-21 00:00:00+09:00,428500.0,430000.0,421000.0,423000.0,198534,0.0,0.0
2023-12-22 00:00:00+09:00,425500.0,425500.0,419000.0,419500.0,181449,0.0,0.0
2023-12-26 00:00:00+09:00,423500.0,423500.0,415000.0,415500.0,150973,0.0,0.0
2023-12-27 00:00:00+09:00,417000.0,422000.0,417000.0,421000.0,130675,0.0,0.0
2023-12-28 00:00:00+09:00,421500.0,427500.0,421000.0,427500.0,190673,0.0,0.0
2024-01-02 00:00:00+09:00,425000.0,429500.0,422000.0,429500.0,152929,0.0,0.0
2024-01-03 00:00:00+09:00,425500.0,426000.0,416000.0,416000.0,196510,0.0,0.0
2024-01-04 00:00:00+09:00,414000.0,419000.0,410000.0,419000.0,131106,0.0,0.0
2024-01-05 00:00:00+09:00,416500.0,420500.0,414500.0,416000.0,138131,0.0,0.0
2024-01-08 00:00:00+09:00,419500.0,419500.0,414500.0,415000.0,112716,0.0,0.0
2024-01-09 00:00:00+09:00,419500.0,419500.0,415000.0,417500.0,141094,0.0,0.0
2024-01-10 00:00:00+09:00,417500.0,417500.0,405500.0,410500.0,195832,0.0,0.0
2024-01-11 00:00:00+09:00,409500.0,420000.0,409500.0,415500.0,234974,0.0,0.0
2024-01-12 00:00:00+09:00,415000.0,415500.0,409000.0,413000.0,151154,0.0,0.0
2024-01-15 00:00:00+09:00,409000.0,409500.0,403000.0,399500.0,38535,0.0,0.0
2024-01-16 00:00:00+09:00,396500.0,404000.0,394500.0,400500.0,246497,0.0,0.0
2024-01-17 00:00:00+09:00,400000.0,400500.0,387000.0,390000.0,263868,0.0,0.0
2024-01-18 00:00:00+09:00,390000.0,399000.0,387000.0,390500.0,190739,0.0,0.0
2024-01-19 00:00:00+09:00,390500.0,397000.0,378500.0,383500.0,263399,0.0,0.0
2024-01-22 00:00:00+09:00,383500.0,387000.0,371500.0,372000.0,214410,0.0,0.0
2024-01-23 00:00:00+09:00,370500.0,379000.0,370500.0,373500.0,170955,0.0,0.0
2024-01-24 00:00:00+09:00,372500.0,385000.0,370500.0,380500.0,218985,0.0,0.0
2024-01-25 00:00:00+09:00,375000.0,375500.0,363000.0,368000.0,317036,0.0,0.0
2024-01-26 00:00:00+09:00,364000.0,392000.0,362000.0,381000.0,331129,0.0,0.0
2024-01-29 00:00:00+09:00,385000.0,387000.0,377500.0,377500.0,216167,0.0,0.0
2024-01-30 00:00:00+09:00,382500.0,387500.0,373000.0,375000.0,222999,0.0,0.0
2024-01-31 00:00:00+09:00,379000.0,387500.0,377000.0,381000.0,212973,0.0,0.0
2024-02-01 00:00:00+09:00,378000.0,383000.0,373000.0,381500.0,232165,0.0,0.0
2024-02-02 00:00:00+09:00,384500.0,392500.0,381500.0,387500.0,261741,0.0,0.0
2024-02-05 00:00:00+09:00,389000.0,393000.0,385500.0,389000.0,210367,0.0,0.0
2024-02-06 00:00:00+09:00,385000.0,387500.0,376000.0,377000.0,196337,0.0,0.0
2024-02-07 00:00:00+09:00,382000.0,394000.0,382000.0,386000.0,244380,0.0,0.0
2024-02-08 00:00:00+09:00,397500.0,397500.0,386500.0,394000.0,314399,0.0,0.0
2024-02-13 00:00:00+09:00,395000.0,395500.0,390000.0,393500.0,178139,0.0,0.0
2024-02-14 00:00:00+09:00,390000.0,390000.0,380000.0,388000.0,184384,0.0,0.0
2024-02-15 00:00:00+09:00,393500.0,397500.0,389000.0,393000.0,192353,0.0,0.0
2024-02-16 00:00:00+09:00,401500.0,412000.0,401000.0,410000.0,354959,0.0,0.0
2024-02-19 00:00:00+09:00,412000.0,412500.0,395500.0,397500.0,289496,0.0,0.0
2024-02-20 00:00:00+09:00,397500.0,404500.0,392000.0,404000.0,157923,0.0,0.0
2024-02-21 00:00:00+09:00,402500.0,408000.0,398000.0,407000.0,153418,0.0,0.0
2024-02-22 00:00:00+09:00,410000.0,415500.0,405000.0,408500.0,177713,0.0,0.0
2024-02-23 00:00:00+09:00,411500.0,411500.0,402000.0,402000.0,146754,0.0,0.0
2024-02-26 00:00:00+09:00,402500.0,414000.0,402000.0,409500.0,142484,0.0,0.0
2024-02-27 00:00:00+09:00,413500.0,417000.0,400500.0,403500.0,138018,0.0,0.0
2024-02-28 00:00:00+09:00,403500.0,408500.0,399500.0,400500.0,133998,0.0,0.0
2024-02-29 00:00:00+09:00,399000.0,407000.0,394000.0,401500.0,355999,0.0,0.0
2024-03-04 00:00:00+09:00,401000.0,406000.0,398500.0,398500.0,170895,0.0,0.0
2024-03-05 00:00:00+09:00,396000.0,398500.0,387000.0,387500.0,240864,0.0,0.0
2024-03-06 00:00:00+09:00,386500.0,391000.0,386000.0,387000.0,118343,0.0,0.0
2024-03-07 00:00:00+09:00,391000.0,402000.0,387500.0,399500.0,199901,0.0,0.0
2024-03-08 00:00:00+09:00,403500.0,406500.0,399500.0,402500.0,162446,0.0,0.0
2024-03-11 00:00:00+09:00,402500.0,407000.0,399000.0,400500.0,104044,0.0,0.0
2024-03-12 00:00:00+09:00,404500.0,420000.0,404500.0,419500.0,381220,0.0,0.0
2024-03-13 00:00:00+09:00,419500.0,422000.0,415000.0,418500.0,212299,0.0,0.0
2024-03-14 00:00:00+09:00,416500.0,417000.0,405000.0,416000.0,306911,0.0,0.0
2024-03-15 00:00:00+09:00,407000.0,410000.0,398500.0,398500.0,247909,0.0,0.0
2024-03-18 00:00:00+09:00,402000.0,408500.0,401000.0,407500.0,134399,0.0,0.0
2024-03-19 00:00:00+09:00,412000.0,412000.0,402000.0,403000.0,118968,0.0,0.0
2024-03-20 00:00:00+09:00,405000.0,410000.0,404000.0,407500.0,114805,0.0,0.0
2024-03-21 00:00:00+09:00,409500.0,414000.0,409000.0,413500.0,154423,0.0,0.0
2024-03-22 00:00:00+09:00,410500.0,415500.0,409000.0,413500.0,136480,0.0,0.0
2024-03-25 00:00:00+09:00,416500.0,417000.0,412000.0,414500.0,162037,0.0,0.0
2024-03-26 00:00:00+09:00,417000.0,417500.0,405500.0,406000.0,198659,0.0,0.0
2024-03-27 00:00:00+09:00,406000.0,412500.0,404500.0,409000.0,138182,0.0,0.0
2024-03-28 00:00:00+09:00,410000.0,411000.0,401000.0,401500.0,183993,0.0,0.0
2024-03-29 00:00:00+09:00,401500.0,402500.0,393000.0,395000.0,200531,0.0,0.0
2024-04-01 00:00:00+09:00,395000.0,398500.0,392500.0,395500.0,105333,0.0,0.0
2024-04-02 00:00:00+09:00,395500.0,400000.0,392500.0,393000.0,163860,0.0,0.0
2024-04-03 00:00:00+09:00,391500.0,391500.0,376000.0,376000.0,365852,0.0,0.0
2024-04-04 00:00:00+09:00,379500.0,384000.0,376000.0,379500.0,175633,0.0,0.0
2024-04-05 00:00:00+09:00,375500.0,380000.0,373000.0,376000.0,152154,0.0,0.0
2024-04-08 00:00:00+09:00,374000.0,375500.0,358000.0,373000.0,307183,0.0,0.0
2024-04-09 00:00:00+09:00,376500.0,382500.0,372500.0,374000.0,180102,0.0,0.0
2024-04-11 00:00:00+09:00,368500.0,380000.0,365000.0,380000.0,341170,0.0,0.0
2024-04-12 00:00:00+09:00,380000.0,381500.0,371500.0,371500.0,172629,0.0,0.0
2024-04-15 00:00:00+09:00,367000.0,377000.0,365500.0,373000.0,106708,0.0,0.0
2024-04-16 00:00:00+09:00,368000.0,372500.0,366000.0,366000.0,119203,0.0,0.0
2024-04-17 00:00:00+09:00,366000.0,372000.0,364000.0,364500.0,99287,0.0,0.0
2024-04-18 00:00:00+09:00,364000.0,378500.0,364000.0,377000.0,156443,0.0,0.0
2024-04-19 00:00:00+09:00,372000.0,372000.0,364500.0,367000.0,143664,0.0,0.0
2024-04-22 00:00:00+09:00,373000.0,378500.0,369000.0,378500.0,144221,0.0,0.0
2024-04-23 00:00:00+09:00,377000.0,379000.0,370000.0,370000.0,121904,0.0,0.0
2024-04-24 00:00:00+09:00,380500.0,389500.0,378000.0,385000.0,241390,0.0,0.0
2024-04-25 00:00:00+09:00,380000.0,381000.0,372000.0,372500.0,176196,0.0,0.0
2024-04-26 00:00:00+09:00,373000.0,375000.0,367500.0,372000.0,143701,0.0,0.0
2024-04-29 00:00:00+09:00,375000.0,378500.0,372000.0,378500.0,150391,0.0,0.0
2024-04-30 00:00:00+09:00,382500.0,390000.0,382500.0,389000.0,276918,0.0,0.0
2024-05-02 00:00:00+09:00,385000.0,392000.0,381000.0,389000.0,121266,0.0,0.0
2024-05-03 00:00:00+09:00,391000.0,394000.0,387000.0,391000.0,121565,0.0,0.0
2024-05-07 00:00:00+09:00,394500.0,397000.0,390500.0,391500.0,117367,0.0,0.0
2024-05-08 00:00:00+09:00,391000.0,395000.0,387500.0,393000.0,144291,0.0,0.0
2024-05-09 00:00:00+09:00,390000.0,393000.0,383000.0,388500.0,239286,0.0,0.0
2024-05-10 00:00:00+09:00,390500.0,390500.0,383500.0,383500.0,115093,0.0,0.0
2024-05-13 00:00:00+09:00,384000.0,384500.0,379000.0,381500.0,125868,0.0,0.0
2024-05-14 00:00:00+09:00,382500.0,388000.0,382500.0,385500.0,119763,0.0,0.0
2024-05-16 00:00:00+09:00,389000.0,390000.0,381500.0,381500.0,140797,0.0,0.0
2024-05-17 00:00:00+09:00,381500.0,384000.0,376000.0,376500.0,175717,0.0,0.0
2024-05-20 00:00:00+09:00,379000.0,379500.0,370000.0,372000.0,159484,0.0,0.0
2024-05-21 00:00:00+09:00,367500.0,370000.0,364000.0,364500.0,224181,0.0,0.0
2024-05-22 00:00:00+09:00,366500.0,369500.0,364000.0,364000.0,130152,0.0,0.0
2024-05-23 00:00:00+09:00,364000.0,366000.0,360000.0,362000.0,157841,0.0,0.0
2024-05-24 00:00:00+09:00,358500.0,359000.0,355500.0,356000.0,213011,0.0,0.0
2024-05-27 00:00:00+09:00,357000.0,366000.0,355500.0,364500.0,157232,0.0,0.0
2024-05-28 00:00:00+09:00,363500.0,363500.0,359000.0,360000.0,136480,0.0,0.0
2024-05-29 00:00:00+09:00,356500.0,361000.0,342000.0,342000.0,386788,0.0,0.0
2024-05-30 00:00:00+09:00,342000.0,343500.0,326000.0,328000.0,401661,0.0,0.0
2024-05-31 00:00:00+09:00,331500.0,335500.0,328000.0,331000.0,264516,0.0,0.0
2024-06-03 00:00:00+09:00,330500.0,341000.0,329500.0,332000.0,194056,0.0,0.0
2024-06-04 00:00:00+09:00,329500.0,340000.0,329000.0,336500.0,146087,0.0,0.0
2024-06-05 00:00:00+09:00,339000.0,359500.0,338000.0,351500.0,395864,0.0,0.0
2024-06-07 00:00:00+09:00,355000.0,360000.0,352500.0,359000.0,208870,0.0,0.0
2024-06-10 00:00:00+09:00,355500.0,358500.0,350000.0,353000.0,180618,0.0,0.0
2024-06-11 00:00:00+09:00,354000.0,365000.0,353000.0,356500.0,219013,0.0,0.0
2024-06-12 00:00:00+09:00,356500.0,361000.0,350500.0,351500.0,163853,0.0,0.0
2024-06-13 00:00:00+09:00,356000.0,363000.0,349000.0,363000.0,412793,0.0,0.0
2024-06-14 00:00:00+09:00,363000.0,363000.0,349000.0,349000.0,302758,0.0,0.0
2024-06-17 00:00:00+09:00,345000.0,346000.0,336500.0,336500.0,273382,0.0,0.0
2024-06-18 00:00:00+09:00,340000.0,343500.0,331000.0,331000.0,213956,0.0,0.0
2024-06-19 00:00:00+09:00,332500.0,344500.0,332000.0,343000.0,220974,0.0,0.0
2024-06-20 00:00:00+09:00,343000.0,346000.0,340000.0,340000.0,105297,0.0,0.0
2024-06-21 00:00:00+09:00,338000.0,343000.0,333000.0,333000.0,165513,0.0,0.0
2024-06-24 00:00:00+09:00,334000.0,336000.0,330500.0,331000.0,102798,0.0,0.0
2024-06-25 00:00:00+09:00,334000.0,336000.0,331000.0,331000.0,124542,0.0,0.0
2024-06-26 00:00:00+09:00,330500.0,338000.0,330000.0,331000.0,113087,0.0,0.0
2024-06-27 00:00:00+09:00,331500.0,334000.0,327500.0,328000.0,122751,0.0,0.0
2024-06-28 00:00:00+09:00,327000.0,331500.0,322500.0,326500.0,152685,0.0,0.0
2024-07-01 00:00:00+09:00,328000.0,348500.0,325500.0,347000.0,305328,0.0,0.0
2024-07-02 00:00:00+09:00,353000.0,362000.0,341500.0,343500.0,352020,0.0,0.0
2024-07-03 00:00:00+09:00,360000.0,369500.0,353000.0,358000.0,714015,0.0,0.0
2024-07-04 00:00:00+09:00,364000.0,367000.0,355500.0,359000.0,226816,0.0,0.0
2024-07-05 00:00:00+09:00,359000.0,361500.0,352000.0,357500.0,207422,0.0,0.0
2024-07-08 00:00:00+09:00,358000.0,364000.0,352500.0,358500.0,229191,0.0,0.0
2024-07-09 00:00:00+09:00,359000.0,370000.0,358000.0,363000.0,273777,0.0,0.0
2024-07-10 00:00:00+09:00,363000.0,367000.0,360500.0,362000.0,172607,0.0,0.0
2024-07-11 00:00:00+09:00,364500.0,375000.0,357500.0,375000.0,516468,0.0,0.0
2024-07-12 00:00:00+09:00,371000.0,375000.0,368500.0,373000.0,182104,0.0,0.0
2024-07-15 00:00:00+09:00,373000.0,373500.0,357500.0,358500.0,245160,0.0,0.0
2024-07-16 00:00:00+09:00,359000.0,360000.0,343000.0,346500.0,345755,0.0,0.0
2024-07-17 00:00:00+09:00,346000.0,348000.0,335500.0,336500.0,262255,0.0,0.0
2024-07-18 00:00:00+09:00,333000.0,342500.0,331500.0,335000.0,197622,0.0,0.0
2024-07-19 00:00:00+09:00,335000.0,347500.0,335000.0,345500.0,237970,0.0,0.0
2024-07-22 00:00:00+09:00,343000.0,343000.0,328000.0,328500.0,268882,0.0,0.0
2024-07-23 00:00:00+09:00,330500.0,333500.0,324000.0,326000.0,152694,0.0,0.0
2024-07-24 00:00:00+09:00,324000.0,330000.0,320000.0,321500.0,158027,0.0,0.0
2024-07-25 00:00:00+09:00,315000.0,342500.0,313000.0,332500.0,464700,0.0,0.0
2024-07-26 00:00:00+09:00,332000.0,334000.0,322500.0,325000.0,165067,0.0,0.0
2024-07-29 00:00:00+09:00,323500.0,333000.0,321500.0,329500.0,95268,0.0,0.0
2024-07-30 00:00:00+09:00,326000.0,342000.0,326000.0,333000.0,164442,0.0,0.0
2024-07-31 00:00:00+09:00,334000.0,335000.0,323000.0,324000.0,181873,0.0,0.0
2024-08-01 00:00:00+09:00,325000.0,337000.0,322000.0,333500.0,219837,0.0,0.0
2024-08-02 00:00:00+09:00,326000.0,337500.0,324000.0,336000.0,200803,0.0,0.0
2024-08-05 00:00:00+09:00,332500.0,340000.0,311000.0,322000.0,408563,0.0,0.0
2024-08-06 00:00:00+09:00,331500.0,342000.0,328000.0,337000.0,370935,0.0,0.0
2024-08-07 00:00:00+09:00,332500.0,338500.0,322500.0,324500.0,290231,0.0,0.0
2024-08-08 00:00:00+09:00,324500.0,325500.0,311000.0,321000.0,425356,0.0,0.0
2024-08-09 00:00:00+09:00,323000.0,329000.0,317000.0,322000.0,260609,0.0,0.0
2024-08-12 00:00:00+09:00,321000.0,330000.0,321000.0,328500.0,144514,0.0,0.0
2024-08-13 00:00:00+09:00,325500.0,331500.0,322000.0,329500.0,127711,0.0,0.0
2024-08-14 00:00:00+09:00,334000.0,342000.0,332000.0,337000.0,196856,0.0,0.0
2024-08-16 00:00:00+09:00,343500.0,344500.0,335500.0,336500.0,151534,0.0,0.0
2024-08-19 00:00:00+09:00,336500.0,336500.0,328000.0,329500.0,126345,0.0,0.0
2024-08-20 00:00:00+09:00,333000.0,334000.0,327000.0,330000.0,104179,0.0,0.0
2024-08-21 00:00:00+09:00,333000.0,353000.0,332000.0,350000.0,489967,0.0,0.0
2024-08-22 00:00:00+09:00,351500.0,364000.0,348500.0,363000.0,474976,0.0,0.0
2024-08-23 00:00:00+09:00,359500.0,366000.0,357000.0,359000.0,232206,0.0,0.0
2024-08-26 00:00:00+09:00,365500.0,378000.0,361500.0,378000.0,512014,0.0,0.0
2024-08-27 00:00:00+09:00,378500.0,383000.0,371500.0,376500.0,341089,0.0,0.0
2024-08-28 00:00:00+09:00,375000.0,379000.0,366500.0,368500.0,259901,0.0,0.0
2024-08-29 00:00:00+09:00,371000.0,394000.0,370000.0,391000.0,725018,0.0,0.0
2024-08-30 00:00:00+09:00,391000.0,391500.0,381500.0,388000.0,316463,0.0,0.0
2024-09-02 00:00:00+09:00,392000.0,416500.0,392000.0,412000.0,792620,0.0,0.0
2024-09-03 00:00:00+09:00,416500.0,419000.0,407000.0,411000.0,340713,0.0,0.0
2024-09-04 00:00:00+09:00,399000.0,410000.0,396500.0,399500.0,373803,0.0,0.0
2024-09-05 00:00:00+09:00,410500.0,418000.0,401000.0,410000.0,463032,0.0,0.0
2024-09-06 00:00:00+09:00,412000.0,412500.0,392500.0,395000.0,419682,0.0,0.0
2024-09-09 00:00:00+09:00,388500.0,404000.0,386000.0,399500.0,302125,0.0,0.0
2024-09-10 00:00:00+09:00,398500.0,400000.0,378000.0,379500.0,421418,0.0,0.0
2024-09-11 00:00:00+09:00,380500.0,402500.0,380500.0,399000.0,365687,0.0,0.0
2024-09-12 00:00:00+09:00,403500.0,414000.0,395000.0,414000.0,361481,0.0,0.0
2024-09-13 00:00:00+09:00,413500.0,414000.0,399500.0,399500.0,302530,0.0,0.0
2024-09-19 00:00:00+09:00,405000.0,409500.0,391000.0,391500.0,303860,0.0,0.0
2024-09-20 00:00:00+09:00,398500.0,407000.0,392500.0,393500.0,468352,0.0,0.0
2024-09-23 00:00:00+09:00,397000.0,402500.0,390500.0,397000.0,233849,0.0,0.0
2024-09-24 00:00:00+09:00,401000.0,413000.0,401000.0,413000.0,447420,0.0,0.0
2024-09-25 00:00:00+09:00,415000.0,420000.0,409000.0,413500.0,349449,0.0,0.0
2024-09-26 00:00:00+09:00,410500.0,415500.0,402500.0,413500.0,304509,0.0,0.0
2024-09-27 00:00:00+09:00,413000.0,418000.0,406500.0,414500.0,250953,0.0,0.0
2024-09-30 00:00:00+09:00,419500.0,430000.0,414500.0,414500.0,445787,0.0,0.0
2024-10-02 00:00:00+09:00,409500.0,421500.0,408500.0,408500.0,245424,0.0,0.0
2024-10-04 00:00:00+09:00,403500.0,406000.0,396000.0,403500.0,255155,0.0,0.0
2024-10-07 00:00:00+09:00,413500.0,426000.0,409000.0,420000.0,433698,0.0,0.0
2024-10-08 00:00:00+09:00,416500.0,444000.0,412000.0,436500.0,803706,0.0,0.0
2024-10-10 00:00:00+09:00,432000.0,433000.0,421000.0,427000.0,635669,0.0,0.0
2024-10-11 00:00:00+09:00,426500.0,428500.0,408500.0,411000.0,441897,0.0,0.0
2024-10-14 00:00:00+09:00,407500.0,413500.0,402500.0,411000.0,245480,0.0,0.0
2024-10-15 00:00:00+09:00,407500.0,409000.0,389500.0,403500.0,631127,0.0,0.0
2024-10-16 00:00:00+09:00,415000.0,415000.0,404500.0,404500.0,495248,0.0,0.0
2024-10-17 00:00:00+09:00,403000.0,411000.0,397000.0,397000.0,250437,0.0,0.0
2024-10-18 00:00:00+09:00,396500.0,399000.0,385000.0,388500.0,250780,0.0,0.0
2024-10-21 00:00:00+09:00,389000.0,393500.0,387500.0,389500.0,135508,0.0,0.0
2024-10-22 00:00:00+09:00,386500.0,388000.0,376500.0,381500.0,213207,0.0,0.0
2024-10-23 00:00:00+09:00,381500.0,405500.0,381500.0,403000.0,332684,0.0,0.0
2024-10-24 00:00:00+09:00,411000.0,419000.0,403000.0,406500.0,405512,0.0,0.0
2024-10-25 00:00:00+09:00,419000.0,419000.0,406500.0,407000.0,242245,0.0,0.0
2024-10-28 00:00:00+09:00,403000.0,417500.0,403000.0,416500.0,360352,0.0,0.0
2024-10-29 00:00:00+09:00,410000.0,412500.0,400500.0,409000.0,281126,0.0,0.0
2024-10-30 00:00:00+09:00,406500.0,417500.0,405000.0,411500.0,174514,0.0,0.0
2024-10-31 00:00:00+09:00,408000.0,417000.0,404500.0,407500.0,266013,0.0,0.0
2024-11-01 00:00:00+09:00,405000.0,419000.0,404500.0,412500.0,254445,0.0,0.0
2024-11-04 00:00:00+09:00,417000.0,427000.0,408000.0,426000.0,418485,0.0,0.0
2024-11-05 00:00:00+09:00,422000.0,425500.0,416500.0,420000.0,177179,0.0,0.0
2024-11-06 00:00:00+09:00,426500.0,429000.0,386000.0,390500.0,689223,0.0,0.0
2024-11-07 00:00:00+09:00,389000.0,391000.0,375000.0,386000.0,456391,0.0,0.0
2024-11-08 00:00:00+09:00,394500.0,408500.0,394000.0,398500.0,379413,0.0,0.0
2024-11-11 00:00:00+09:00,435000.0,435500.0,415000.0,416000.0,969362,0.0,0.0
2024-11-12 00:00:00+09:00,418000.0,433500.0,416000.0,427000.0,642992,0.0,0.0
2024-11-13 00:00:00+09:00,421500.0,425000.0,411500.0,412000.0,349926,0.0,0.0
2024-11-14 00:00:00+09:00,421500.0,423000.0,405000.0,422000.0,461180,0.0,0.0
2024-11-15 00:00:00+09:00,403000.0,403500.0,371000.0,371000.0,1016392,0.0,0.0
2024-11-18 00:00:00+09:00,375000.0,385500.0,375000.0,383500.0,365846,0.0,0.0
2024-11-19 00:00:00+09:00,384500.0,395500.0,380500.0,393500.0,292704,0.0,0.0
2024-11-20 00:00:00+09:00,393500.0,402500.0,390000.0,400500.0,216309,0.0,0.0
2024-11-21 00:00:00+09:00,399000.0,406500.0,394500.0,400500.0,209853,0.0,0.0
2024-11-22 00:00:00+09:00,403500.0,409500.0,402000.0,405000.0,142194,0.0,0.0
2024-11-25 00:00:00+09:00,410000.0,425000.0,408000.0,419500.0,446632,0.0,0.0
2024-11-26 00:00:00+09:00,417000.0,422000.0,405000.0,406000.0,215592,0.0,0.0
2024-11-27 00:00:00+09:00,408500.0,414000.0,399500.0,400500.0,174304,0.0,0.0
2024-11-28 00:00:00+09:00,400000.0,405500.0,399000.0,402500.0,116484,0.0,0.0
2024-11-29 00:00:00+09:00,400000.0,402500.0,380000.0,381500.0,280997,0.0,0.0
2024-12-02 00:00:00+09:00,387000.0,397500.0,385000.0,391500.0,185989,0.0,0.0
2024-12-03 00:00:00+09:00,393500.0,401000.0,385000.0,397000.0,241946,0.0,0.0
2024-12-04 00:00:00+09:00,391000.0,395000.0,384500.0,389000.0,246025,0.0,0.0
2024-12-05 00:00:00+09:00,389000.0,395000.0,382000.0,382000.0,170616,0.0,0.0
2024-12-06 00:00:00+09:00,383000.0,397000.0,383000.0,390500.0,265117,0.0,0.0
2024-12-09 00:00:00+09:00,385500.0,397500.0,379500.0,387500.0,254353,0.0,0.0
2024-12-10 00:00:00+09:00,392000.0,396000.0,384500.0,385000.0,249658,0.0,0.0
2024-12-11 00:00:00+09:00,388000.0,391000.0,376500.0,378000.0,260700,0.0,0.0
2024-12-12 00:00:00+09:00,383000.0,404500.0,374000.0,404500.0,586555,0.0,0.0
2024-12-13 00:00:00+09:00,396000.0,400000.0,389500.0,400000.0,330114,0.0,0.0
2024-12-16 00:00:00+09:00,399000.0,402500.0,394500.0,398000.0,204346,0.0,0.0
2024-12-17 00:00:00+09:00,398500.0,405000.0,378500.0,382500.0,392455,0.0,0.0
2024-12-18 00:00:00+09:00,384000.0,386000.0,380000.0,381500.0,208785,0.0,0.0
2024-12-19 00:00:00+09:00,373500.0,380000.0,368000.0,372000.0,247458,0.0,0.0
2024-12-20 00:00:00+09:00,375000.0,377000.0,356000.0,357500.0,359300,0.0,0.0
2024-12-23 00:00:00+09:00,359000.0,361500.0,345000.0,359000.0,284110,0.0,0.0
2024-12-24 00:00:00+09:00,361500.0,362000.0,350000.0,350000.0,172107,0.0,0.0
2024-12-26 00:00:00+09:00,351500.0,352000.0,343500.0,344500.0,174814,0.0,0.0
2024-12-27 00:00:00+09:00,341000.0,350500.0,340500.0,348000.0,200696,0.0,0.0
2024-12-30 00:00:00+09:00,345000.0,358500.0,345000.0,348000.0,169683,0.0,0.0
2025-01-02 00:00:00+09:00,348500.0,352500.0,342500.0,346000.0,139219,0.0,0.0
2025-01-03 00:00:00+09:00,343000.0,360500.0,343000.0,356000.0,237676,0.0,0.0
2025-01-06 00:00:00+09:00,358000.0,365500.0,353500.0,361500.0,205797,0.0,0.0
2025-01-07 00:00:00+09:00,363500.0,372000.0,361500.0,365500.0,236305,0.0,0.0
2025-01-08 00:00:00+09:00,364500.0,376000.0,364000.0,373500.0,356433,0.0,0.0
2025-01-09 00:00:00+09:00,371500.0,373000.0,348500.0,358500.0,694920,0.0,0.0
2025-01-10 00:00:00+09:00,356000.0,357500.0,348000.0,348500.0,280639,0.0,0.0
2025-01-13 00:00:00+09:00,346500.0,350500.0,345500.0,347500.0,165688,0.0,0.0
2025-01-14 00:00:00+09:00,350000.0,360000.0,350000.0,358000.0,290092,0.0,0.0
2025-01-15 00:00:00+09:00,359000.0,361000.0,351500.0,351500.0,149879,0.0,0.0
2025-01-16 00:00:00+09:00,358500.0,361500.0,352000.0,352000.0,162319,0.0,0.0
2025-01-17 00:00:00+09:00,352000.0,355500.0,350500.0,350500.0,151960,0.0,0.0
2025-01-20 00:00:00+09:00,352000.0,372000.0,351500.0,370500.0,402884,0.0,0.0
2025-01-21 00:00:00+09:00,365000.0,370000.0,349500.0,354500.0,317052,0.0,0.0
2025-01-22 00:00:00+09:00,356000.0,363000.0,355500.0,360000.0,158528,0.0,0.0
2025-01-23 00:00:00+09:00,356500.0,359500.0,353500.0,353500.0,136125,0.0,0.0
2025-01-24 00:00:00+09:00,355500.0,357500.0,348000.0,353500.0,126762,0.0,0.0
