Number,Day(in),Day(out),Price(in),Price(out),Amount,Return
1,2015-05-29,2015-06-01,3308.0,3414.4,1.51,3.216444981862155
2,2015-06-04,2015-06-05,3427.2,3248.0,1.48,-5.228758169934636
3,2015-06-15,2015-06-18,3332.0,3577.6,1.48,7.370948379351738
4,2015-06-18,2015-06-22,3641.6,3988.0,1.4,9.51230228471002
5,2015-06-22,2015-06-23,4076.0,4268.0,1.31,4.710500490677134
6,2015-07-06,2015-07-07,3594.952,3600.0,1.52,0.14041912103415494
7,2015-07-10,2015-07-13,3772.0,3890.4,1.45,3.1389183457051986
8,2015-07-13,2015-07-15,4008.744,4468.8,1.38,11.476312780262347
9,2015-07-24,2015-07-27,4352.816,3764.0,1.34,-13.527243053692134
10,2015-07-28,2015-07-29,3969.6,4104.0,1.37,3.3857315598548996
11,2015-08-05,2015-08-06,4020.0,3800.8,1.38,-5.452736318407956
12,2015-08-11,2015-08-12,3070.4001,2782.4,1.76,-9.379888308367361
13,2015-09-15,2015-09-16,2751.192,2648.0,1.87,-3.750810557750968
14,2015-10-26,2015-10-27,1510.104,1488.8,3.34,-1.4107637619660691
15,2015-10-26,2015-10-27,1529.6001,1489.0961,1.65,-2.6480123791832995
16,2015-10-28,2015-10-29,1606.4,1680.8,3.09,4.631474103585648
17,2015-10-28,2015-10-29,1628.0,1683.2,1.53,3.390663390663393
18,2015-11-02,2015-11-03,1619.2,1724.0,3.16,6.472332015810274
19,2015-11-02,2015-11-03,1642.4,1720.0,1.56,4.724792985874324
20,2015-11-12,2015-11-13,1740.8,1599.2,3.07,-8.134191176470583
21,2015-11-23,2015-11-24,1733.6,1726.4,2.95,-0.4153207198892373
22,2015-11-23,2015-11-24,1750.392,1729.6718,1.46,-1.1837462694070802
23,2015-11-24,2015-11-30,1804.0,1904.0,2.82,5.543237250554324
24,2015-11-25,2015-11-30,1842.4,1900.0,1.38,3.126356925749018
25,2015-12-16,2015-12-17,1567.2,1694.4,2.52,8.116385911179176
26,2015-12-16,2015-12-17,1585.6,1600.0,1.25,0.9081735620585325
27,2015-12-24,2015-12-28,1758.4,1668.0,2.34,-5.141037306642407
28,2015-12-28,2015-12-29,1704.048,1710.4,1.21,0.37275945278537276
29,2015-12-28,2015-12-31,1704.0,1714.4,1.75,0.610328638497658
30,2015-12-29,2015-12-31,1751.2,1704.0,1.44,-2.6952946550936527
31,2016-02-17,2016-02-18,550.4,588.8,7.25,6.976744186046507
32,2016-02-17,2016-02-18,555.2,549.6,3.59,-1.0086455331412143
33,2016-02-17,2016-02-18,561.736,588.8,1.78,4.81792158594072
34,2016-04-18,2016-04-19,710.598,710.2,5.82,-0.05600916411246737
35,2016-04-18,2016-04-19,720.0,704.798,2.87,-2.1113888888888885
36,2016-04-18,2016-04-19,724.0,710.2,1.43,-1.9060773480662923
37,2016-04-21,2016-04-22,710.8001,709.4,5.77,-0.19697521145538185
38,2016-04-21,2016-04-22,719.0,709.0,2.85,-1.3908205841446455
39,2016-04-21,2016-04-22,727.0,709.4,1.41,-2.4209078404401683
40,2016-04-28,2016-04-29,672.8,640.4,6.04,-4.815695600475621
41,2016-04-28,2016-04-29,678.4,640.2,3.0,-5.630896226415085
42,2016-04-28,2016-04-29,687.8,640.4,1.47,-6.89153823785984
43,2016-05-06,2016-05-10,497.8,557.2,7.78,11.932503013258343
44,2016-05-06,2016-05-10,504.998,526.47,3.83,4.251898027318927
45,2016-05-23,2016-05-24,614.4,638.2,6.74,3.873697916666678
46,2016-05-23,2016-05-25,622.0,673.0,3.32,8.19935691318328
47,2016-05-23,2016-05-24,629.0,638.2,1.64,1.4626391096979405
48,2016-05-25,2016-05-26,690.2021,658.2,6.24,-4.636627445787245
49,2016-05-27,2016-05-31,676.0,706.2,6.22,4.467455621301782
50,2016-05-27,2016-06-03,681.6001,755.4,3.08,10.827448528836774
51,2016-05-31,2016-06-03,727.398,756.2,4.46,3.9595929601126234
52,2016-05-31,2016-06-03,734.6,755.4,2.21,2.831472910427437
53,2016-05-31,2016-06-03,742.2,756.2,1.09,1.886284020479655
54,2016-06-09,2016-06-10,744.968,648.6,6.04,-12.935857647576801
55,2016-06-09,2016-06-10,749.0,640.6,3.0,-14.472630173564749
56,2016-06-13,2016-06-14,637.0561,601.4,6.34,-5.597011001071968
57,2016-06-13,2016-06-14,642.0,602.0,3.14,-6.230529595015576
58,2016-06-16,2016-06-17,602.2,614.0,6.41,1.9594818997010883
59,2016-06-24,2016-06-27,544.0,495.2,7.16,-8.97058823529412
60,2016-06-24,2016-06-27,553.2301,492.2461,3.52,-11.023261387983045
61,2016-07-06,2016-07-07,596.6,657.2,6.05,10.157559503855182
62,2016-07-06,2016-07-07,603.088,636.2,2.99,5.4904093598280985
63,2016-07-06,2016-07-07,608.8,657.2,1.48,7.9500657030223545
64,2016-07-08,2016-07-11,678.0,693.2,5.71,2.2418879056047265
65,2016-07-08,2016-07-13,686.0,670.6,2.82,-2.24489795918367
66,2016-07-15,2016-07-18,644.2,664.6,6.04,3.166718410431539
67,2016-07-15,2016-07-19,648.0,644.6,3.0,-0.5246913580246878
68,2016-07-15,2016-07-18,654.2,664.6,1.48,1.5897279119535275
69,2016-07-26,2016-07-27,747.0,766.8,5.29,2.650602409638548
70,2016-07-26,2016-07-28,754.2,791.8,2.61,4.985415009281345
71,2016-07-26,2016-07-27,760.4,766.8,1.3,0.8416622830089396
72,2016-07-27,2016-07-28,788.4,788.6,3.83,0.025367833587017434
73,2016-07-27,2016-07-28,795.0,791.8,1.89,-0.40251572327044594
74,2016-07-29,2016-08-01,822.0,864.0,4.92,5.109489051094891
75,2016-07-29,2016-08-01,831.888,886.0,2.43,6.504721789471655
76,2016-08-01,2016-08-02,892.8,885.6,3.51,-0.8064516129032182
77,2016-08-01,2016-08-02,904.2,886.6,1.73,-1.9464720194647227
78,2016-08-15,2016-08-16,886.8,854.4,4.71,-3.6535859269282787
79,2016-08-15,2016-08-16,894.598,848.0,2.33,-5.208820051017324
80,2016-08-18,2016-08-23,840.704,908.0,4.81,8.004719853836791
81,2016-08-22,2016-08-24,861.6,893.202,2.34,3.6678272980501365
82,2016-08-22,2016-08-23,865.0,908.0,1.17,4.971098265895954
83,2016-08-24,2016-08-25,909.3521,793.6261,3.54,-12.72620363443379
84,2016-08-24,2016-08-25,914.8,786.4,1.75,-14.03585483165719
85,2016-08-30,2016-08-31,795.8001,762.6001,4.95,-4.171901963822327
86,2016-08-30,2016-08-31,804.0,757.2,2.45,-5.820895522388054
87,2016-09-06,2016-09-09,788.0,838.0,4.82,6.345177664974619
88,2016-09-06,2016-09-09,796.2,837.248,2.38,5.155488570710877
89,2016-09-06,2016-09-09,804.6,838.0,1.18,4.151130996768577
90,2016-09-14,2016-09-16,874.0,878.6,4.55,0.5263157894736868
91,2016-09-14,2016-09-16,882.4,879.6,2.26,-0.31731640979147263
92,2016-09-14,2016-09-16,894.524,878.6,1.11,-1.7801646462252525
93,2016-09-19,2016-09-21,964.6,1058.0,4.12,9.682770060128549
94,2016-09-19,2016-09-21,971.822,1021.2,2.04,5.080971618259316
95,2016-09-19,2016-09-21,980.4,1058.0,1.01,7.915136678906571
96,2016-09-23,2016-09-26,1113.402,1057.0,3.82,-5.065735466614937
97,2016-09-27,2016-09-28,1068.2,1104.0,3.88,3.35143231604568
98,2016-09-27,2016-09-28,1072.8,1052.2,1.93,-1.9202087994034218
99,2016-10-04,2016-10-06,979.4,936.4,4.27,-4.3904431284459875
100,2016-10-04,2016-10-06,987.6,936.2,2.12,-5.20453624949372
101,2016-10-05,2016-10-06,994.0,936.4,1.05,-5.7947686116700226
102,2016-10-10,2016-10-11,937.4,896.6,4.27,-4.352464262854699
103,2016-10-11,2016-10-12,930.8,851.0,2.15,-8.573270305113876
104,2016-10-11,2016-10-12,936.2,848.902,1.07,-9.32471694082461
105,2016-10-20,2016-10-24,692.4,686.8,5.46,-0.8087810514153702
106,2016-10-20,2016-10-24,699.9981,685.392,2.7,-2.0865913778908785
107,2016-10-20,2016-10-24,708.794,686.8,1.33,-3.1030172377305716
108,2016-11-01,2016-11-02,598.4,573.46,6.23,-4.167780748663092
109,2016-11-01,2016-11-02,602.2,573.4,3.09,-4.782464297575567
110,2016-11-16,2016-11-17,970.83,880.0,3.71,-9.355911951629023
111,2016-12-14,2016-12-19,700.0,708.8,4.9,1.2571428571428507
112,2016-12-14,2016-12-19,704.2,705.588,2.43,0.19710309571143422
113,2016-12-15,2016-12-19,718.6,708.8,1.19,-1.3637628722516097
114,2017-01-06,2017-01-09,764.0,821.6001,4.51,7.5392801047120415
115,2017-01-06,2017-01-09,772.558,797.8,2.22,3.267327501624469
116,2017-01-09,2017-01-10,842.4,845.0,4.27,0.3086419753086447
117,2017-01-26,2017-01-30,748.0,719.198,4.81,-3.8505347593582915
118,2017-01-26,2017-01-30,753.4,718.2,2.39,-4.6721529068223955
119,2017-01-27,2017-01-30,747.6001,713.0,1.2,-4.628156149256801
120,2017-01-31,2017-02-01,721.6001,813.4,4.8,12.72171386894209
121,2017-01-31,2017-02-03,730.2,826.8,2.37,13.229252259654874
122,2017-01-31,2017-02-01,737.6001,813.4,1.17,10.276557717386424
123,2017-02-02,2017-02-07,813.8,806.17,3.51,-0.9375768001966079
124,2017-02-02,2017-02-03,819.4,826.8,1.74,0.9030998291432729
125,2017-02-08,2017-02-10,825.16,890.0,4.64,7.85786998885065
126,2017-02-08,2017-02-16,832.2,945.6,2.3,13.62653208363374
127,2017-02-08,2017-02-10,841.0,890.0,1.13,5.826397146254459
128,2017-02-14,2017-02-16,895.3,945.64,3.4,5.6226963029152275
129,2017-02-14,2017-02-16,900.0,945.6,1.69,5.066666666666669
130,2017-02-24,2017-03-01,891.37,1070.6,4.77,20.10725063666041
131,2017-02-27,2017-03-02,913.1021,1096.87,2.33,20.125668312448298
132,2017-02-27,2017-03-02,922.922,1043.624,1.15,13.0782449654467
133,2017-03-02,2017-03-03,1080.0,1020.0,2.85,-5.555555555555555
134,2017-03-02,2017-03-03,1091.6001,1021.76,1.41,-6.397956541044667
135,2017-03-02,2017-03-03,1099.714,1020.0,1.86,-7.248611911824342
136,2017-03-07,2017-03-09,1014.28,1000.0,4.68,-1.4078952557479172
137,2017-03-08,2017-03-09,1020.846,1000.6,2.32,-1.9832570240761076
138,2017-03-08,2017-03-09,1029.4,1000.0,1.15,-2.8560326403730416
139,2017-03-15,2017-03-16,1061.6001,1046.6001,4.39,-1.4129614343480184
140,2017-03-15,2017-03-16,1066.2001,1045.626,2.19,-1.929665922935108
141,2017-03-15,2017-03-16,1073.968,1046.6001,1.08,-2.5482975284179754
142,2017-03-17,2017-03-21,1055.734,1064.0,4.35,0.7829623749921928
143,2017-03-20,2017-03-21,1049.08,1000.0,2.18,-4.67838487055324
144,2017-03-23,2017-03-27,944.2,892.2,4.82,-5.507307773776742
145,2017-03-27,2017-03-28,911.402,944.0,4.85,3.5766873454304418
146,2017-03-27,2017-03-28,917.2,944.674,2.41,2.995420846053198
147,2017-03-27,2017-03-28,925.4,944.0,1.19,2.0099416468554163
148,2017-03-29,2017-03-30,986.8,950.0,4.6,-3.729225780299955
149,2017-03-29,2017-03-30,997.3359,946.8,2.27,-5.0670892324241095
150,2017-04-03,2017-04-04,975.6,910.8,4.5,-6.6420664206642135
151,2017-04-03,2017-04-04,977.5959,915.0,2.24,-6.403044448120131
152,2017-04-07,2017-04-11,865.2,855.6,4.82,-1.1095700416088792
153,2017-04-07,2017-04-11,872.6,854.4,2.39,-2.085720834288339
154,2017-04-10,2017-04-11,895.8,855.6,1.16,-4.487608841259203
155,2017-04-12,2017-04-18,891.0,888.0359,4.6,-0.33267115600449276
156,2017-04-13,2017-04-18,884.376,885.4,2.31,0.1157878549395281
157,2017-04-13,2017-04-18,892.2,888.0359,1.15,-0.4667227079130325
158,2017-04-19,2017-04-25,921.4,963.0,4.43,4.514868678098549
159,2017-04-24,2017-05-02,938.0,1068.6,2.18,13.9232409381663
160,2017-04-24,2017-04-25,945.4,963.0,1.08,1.8616458641844746
161,2017-04-25,2017-05-02,982.2,1012.28,3.22,3.0625127265322667
162,2017-04-25,2017-05-02,993.0,1068.6,1.59,7.613293051359507
163,2017-05-12,2017-05-15,956.588,979.2,4.63,2.363818070057337
164,2017-05-12,2017-05-17,966.2,947.2,2.29,-1.9664665700683086
165,2017-05-12,2017-05-15,975.0,979.2,1.13,0.43076923076923546
166,2017-05-16,2017-05-17,993.2,942.42,3.39,-5.112766814337504
167,2017-05-16,2017-05-17,998.4,947.2,1.69,-5.1282051282051215
168,2017-05-18,2017-05-19,940.6,940.0,4.6,-0.06378907080587101
169,2017-05-18,2017-05-19,948.2,942.4,2.28,-0.6116852984602476
170,2017-05-18,2017-05-19,959.0,940.0,1.12,-1.981230448383733
171,2017-05-24,2017-05-25,962.6,981.8,4.47,1.9945979638479046
172,2017-05-24,2017-05-26,967.58,931.996,2.22,-3.677628723206356
173,2017-05-24,2017-05-25,975.0,981.8,1.1,0.6974358974358927
174,2017-06-01,2017-06-02,902.0,949.6,4.77,5.277161862527719
175,2017-06-01,2017-06-05,909.4,1020.0,2.36,12.161864965911592
176,2017-06-01,2017-06-02,918.6,949.6,1.17,3.374700631395602
177,2017-06-08,2017-06-09,1015.598,1015.304,4.49,-0.028948461891415967
178,2017-06-08,2017-06-09,1023.21,1013.0,2.22,-0.9978401305694858
179,2017-06-09,2017-06-12,1049.8,1009.2,1.08,-3.8674033149171185
180,2017-06-14,2017-06-15,1061.8,1025.0,4.25,-3.4658127707666186
181,2017-06-14,2017-06-15,1067.6439,1025.0,2.12,-3.994206307927206
182,2017-06-14,2017-06-15,1075.2,1025.0,1.05,-4.668898809523814
183,2017-06-19,2017-06-20,1077.8,1182.4,4.05,9.704954537019868
184,2017-06-19,2017-06-20,1085.0,1182.426,2.01,8.979354838709671
185,2017-06-23,2017-06-26,1409.6001,1460.0,3.31,3.5754750584935318
186,2017-06-23,2017-06-27,1425.8,1381.4,1.63,-3.1140412400056015
187,2017-07-03,2017-07-06,1303.04,1310.0,3.61,0.5341355599214174
188,2017-07-03,2017-07-06,1312.5,1307.374,1.79,-0.39055238095237915
189,2017-07-13,2017-07-17,1350.104,1313.0,3.49,-2.7482327287379373
190,2017-07-13,2017-07-17,1355.0,1313.72,1.74,-3.0464944649446473
191,2017-07-19,2017-07-25,1378.0,1519.0,3.34,10.2322206095791
192,2017-07-19,2017-07-25,1389.094,1433.3999,1.66,3.1895537666997225
193,2017-08-04,2017-08-07,1262.274,1293.0,3.86,2.434178316276824
194,2017-08-04,2017-08-08,1271.8,1263.112,1.91,-0.6831262777166123
195,2017-08-08,2017-08-09,1332.2,1240.0,2.79,-6.920882750337791
196,2017-08-09,2017-08-10,1281.7999,1213.15,3.73,-5.3557423432471705
197,2017-08-16,2017-08-17,1223.3999,1169.4,3.81,-4.4139205831224775
198,2017-08-16,2017-08-17,1231.0,1167.26,1.89,-5.177904142973193
199,2017-08-22,2017-08-25,1187.976,1305.2001,3.78,9.867547829249066
200,2017-08-22,2017-08-28,1197.4,1310.0,1.87,9.403708034073818
201,2017-08-28,2017-09-01,1344.004,1614.6001,3.58,20.133578471492662
202,2017-08-28,2017-09-05,1357.8999,1533.2001,1.77,12.909655564449201
203,2017-09-13,2017-09-21,1561.6001,1635.0,3.49,4.700300672368034
204,2017-09-14,2017-09-22,1548.0,1563.2001,1.75,0.9819186046511641
205,2017-09-25,2017-09-26,1584.7999,1533.3999,3.52,-3.2433116635103327
206,2017-09-25,2017-09-26,1586.0,1532.6,1.76,-3.36696090794452
207,2017-09-27,2017-10-02,1589.0,1729.0,3.42,8.81057268722467
208,2017-09-27,2017-10-03,1603.8,1807.2,1.69,12.682379349046021
209,2017-10-02,2017-10-05,1761.6,1830.0,2.45,3.8828337874659455
210,2017-10-02,2017-10-03,1771.08,1807.2,1.22,2.03943356595976
211,2017-10-04,2017-10-10,1813.0,1754.6,2.04,-3.2211803640375116
212,2017-10-06,2017-10-10,1832.8,1756.6,2.23,-4.157573112178091
213,2017-10-06,2017-10-10,1840.0,1754.6,1.11,-4.641304347826091
214,2017-10-16,2017-10-17,1748.158,1724.322,3.28,-1.3634923159119492
215,2017-10-16,2017-10-17,1757.046,1722.2,1.64,-1.9832150097379355
216,2017-10-27,2017-10-30,1488.6,1525.0,3.81,2.445250571006321
217,2017-10-27,2017-10-30,1505.0,1524.994,1.88,1.3285049833886986
218,2017-11-03,2017-11-06,1595.8,1647.0,3.6,3.2084221080335906
219,2017-11-03,2017-11-07,1616.4,1571.0,1.78,-2.808710715169518
220,2017-11-22,2017-11-24,1406.5801,1424.2,4.12,1.2526766161415297
221,2017-11-22,2017-11-27,1412.462,1383.0,2.05,-2.085861424944529
222,2017-11-22,2017-11-24,1418.6,1424.2,1.02,0.3947553926406413
223,2017-11-24,2017-11-28,1444.4,1364.2,3.03,-5.552478537801166
224,2017-11-27,2017-11-28,1447.0,1371.7999,1.52,-5.196966136834832
225,2017-11-30,2017-12-01,1446.4,1446.6499,3.88,0.017277378318570083
226,2017-11-30,2017-12-01,1464.4,1432.6,1.92,-2.171537831193675
227,2017-12-07,2017-12-08,1395.3999,1453.0,4.0,4.127856107772411
228,2017-12-07,2017-12-11,1408.8,1570.0,1.98,11.442362294151053
229,2017-12-13,2017-12-14,1438.2001,1405.2001,4.07,-2.2945346756685665
230,2017-12-13,2017-12-14,1457.2881,1402.0779,2.0,-3.7885576640610727
231,2017-12-19,2017-12-22,1413.0,1480.0,4.05,4.7416843595187546
232,2017-12-19,2017-12-28,1420.0,1620.0,2.01,14.084507042253522
233,2017-12-22,2017-12-29,1512.0,1646.4,2.93,8.888888888888895
234,2017-12-22,2017-12-28,1523.8,1620.0,1.45,6.313164457277861
235,2018-01-02,2018-01-04,1621.6001,1681.2,3.89,3.6753759450310794
236,2018-01-02,2018-01-04,1639.6001,1675.0759,1.92,2.163686132978397
237,2018-01-10,2018-01-16,1725.0,1839.4,3.74,6.63188405797102
238,2018-01-10,2018-01-16,1741.736,1751.8,1.85,0.577814318587883
239,2018-01-18,2018-01-22,1726.482,1856.4,3.86,7.525013292927476
240,2018-01-19,2018-01-23,1757.8,2065.4,1.9,17.499146660598484
241,2018-01-26,2018-01-30,2227.5,2140.9,3.23,-3.8877665544332167
242,2018-01-26,2018-01-30,2248.2002,2126.542,1.6,-5.411359717875672
243,2018-02-05,2018-02-06,1915.0,1601.4,3.64,-16.375979112271537
244,2018-02-14,2018-02-15,1729.8,1913.8,3.69,10.637067869117818
245,2018-02-14,2018-02-15,1745.9,1824.402,1.83,4.496362907383008
246,2018-02-16,2018-02-20,1957.2,1850.8,3.47,-5.436337625178831
247,2018-02-20,2018-02-21,1894.0,1823.0,3.49,-3.748680042238648
248,2018-02-20,2018-02-21,1914.0,1824.872,1.72,-4.65663531870428
249,2018-03-07,2018-03-08,1976.6,2066.0,3.23,4.5229181422644995
250,2018-03-07,2018-03-09,1995.8,2091.7998,1.6,4.810091191502146
251,2018-03-09,2018-03-12,2144.4,2174.6,3.08,1.4083193434060723
252,2018-03-09,2018-03-13,2159.8,2112.408,1.53,-2.194277247893336
253,2018-03-19,2018-03-20,1967.596,1866.158,3.36,-5.1554282484819085
254,2018-03-21,2018-03-22,1919.6,1847.2,3.35,-3.7716190873098494
255,2018-03-21,2018-03-22,1929.78,1836.522,1.67,-4.832571588471227
256,2018-03-22,2018-03-23,1912.0,1782.6,3.26,-6.767782426778248
257,2018-04-10,2018-04-13,1546.526,1639.7999,3.89,6.031188612412588
258,2018-04-10,2018-04-13,1564.2,1640.0,1.92,4.845927630737754
259,2018-04-17,2018-04-19,1707.4,1680.2,3.67,-1.593065479676704
260,2018-04-17,2018-04-19,1725.58,1680.4,1.81,-2.618250095620014
261,2018-04-26,2018-04-30,1539.158,1526.812,4.01,-0.8021268771627087
262,2018-04-26,2018-04-30,1558.0,1528.6819,1.98,-1.8817779204107803
263,2018-05-02,2018-05-03,1556.7999,1496.27,3.92,-3.8880976289887994
264,2018-05-02,2018-05-03,1567.0,1489.7999,1.95,-4.926617740906192
265,2018-05-07,2018-05-10,1580.8,1609.2999,3.74,1.8028782894736857
266,2018-05-09,2018-05-10,1575.562,1608.2539,1.87,2.0749358006857257
267,2018-05-11,2018-05-14,1648.0,1750.0,3.63,6.189320388349515
268,2018-05-11,2018-05-21,1663.0,1789.336,1.8,7.596873120865906
269,2018-05-16,2018-05-21,1778.4,1789.0,2.62,0.5960413855150646
270,2018-05-16,2018-05-21,1784.0,1789.336,1.31,0.2991031390134536
271,2018-05-23,2018-05-29,1778.6,1728.3,3.54,-2.8280670190037083
272,2018-05-23,2018-05-29,1796.0,1717.3,1.75,-4.381959910913142
273,2018-05-30,2018-06-01,1858.4,1978.0,3.3,6.435643564356431
274,2018-05-30,2018-06-04,1882.138,2056.7998,1.62,9.279967781321021
275,2018-06-01,2018-06-04,2028.676,1956.8,2.36,-3.5430004594129363
276,2018-06-06,2018-06-07,2091.5,2002.32,3.04,-4.263925412383459
277,2018-06-06,2018-06-07,2102.8,2003.2,1.51,-4.736541753852013
278,2018-06-12,2018-06-20,2009.42,2185.0,3.06,8.737844751221742
279,2018-06-12,2018-06-21,2023.4,2196.6,1.52,8.55984975783334
280,2018-06-20,2018-06-21,2254.8,2194.92,2.16,-2.6556679084619526
281,2018-06-20,2018-06-21,2280.0,2196.6,1.07,-3.6578947368421093
282,2018-07-02,2018-07-03,1906.202,1980.0,3.37,3.8714679766362643
283,2018-07-02,2018-07-06,1926.8,2065.6,1.67,7.203653726385715
284,2018-07-06,2018-07-09,2115.8,2240.0,3.15,5.870120049153975
285,2018-07-06,2018-07-09,2129.6,2145.6199,1.56,0.7522492486852101
286,2018-07-11,2018-07-12,2176.084,2205.6,3.15,1.356381463215578
287,2018-07-11,2018-07-16,2188.0,2136.4438,1.57,-2.356316270566727
288,2018-07-17,2018-07-24,2172.998,2128.8,3.16,-2.0339641361841965
289,2018-07-17,2018-07-24,2201.708,2130.6,1.56,-3.229674416407633
290,2018-07-26,2018-07-27,2058.708,1975.2,3.27,-4.056330475230097
291,2018-07-26,2018-07-27,2077.2,1973.0,1.62,-5.016368187945303
292,2018-07-31,2018-08-03,1845.6,1832.45,3.52,-0.712505418292147
293,2018-07-31,2018-08-03,1870.4,1832.2,1.74,-2.0423438836612515
294,2018-08-08,2018-08-09,1928.2,1863.824,3.34,-3.3386578155792956
295,2018-08-09,2018-08-10,1910.0,1841.0,1.68,-3.6125654450261777
296,2018-08-10,2018-08-13,1910.062,1812.2,3.28,-5.123498608945671
297,2018-08-21,2018-08-23,1786.0,1857.0,3.42,3.9753639417693174
298,2018-08-21,2018-08-29,1794.4,2058.2002,1.7,14.701304057066436
299,2018-08-27,2018-09-04,1976.918,2052.2,2.37,3.808048689930484
300,2018-08-27,2018-08-29,1986.85,2058.2002,1.18,3.591121624682302
301,2018-08-29,2018-09-04,2089.4,2049.44,1.98,-1.9125107686417169
302,2018-09-11,2018-09-12,1922.4,1837.3,3.39,-4.426758218893057
303,2018-09-11,2018-09-12,1933.01,1840.216,1.69,-4.800492496158845
304,2018-09-14,2018-09-17,1929.8,1833.6,3.26,-4.984972536014097
305,2018-09-19,2018-09-21,1879.864,1945.6,3.26,3.496848708204417
306,2018-09-20,2018-09-21,1917.0,1854.8,1.6,-3.244653103808036
307,2018-09-24,2018-09-25,1912.2,1925.0,3.23,0.6693860474845704
308,2018-09-28,2018-10-01,1887.0,1804.6,3.29,-4.366719660837313
309,2018-09-28,2018-10-01,1895.792,1804.0,1.63,-4.841881387831572
310,2018-10-03,2018-10-04,1801.098,1723.0,3.32,-4.336132736808322
311,2018-10-16,2018-10-17,1357.2,1408.64,4.31,3.790156203949311
312,2018-10-16,2018-10-17,1375.8,1409.596,2.13,2.456461695013814
313,2018-10-16,2018-10-17,1388.312,1408.64,1.05,1.464224180155484
314,2018-11-01,2018-11-02,1038.7999,1178.2,5.78,13.41934091445331
315,2018-11-01,2018-11-02,1050.5281,1171.8,2.86,11.543898730552755
316,2018-11-01,2018-11-02,1061.0,1178.2,1.41,11.046182846371352
317,2018-11-07,2018-11-08,1206.002,1171.2001,5.52,-2.885724899295352
318,2018-11-07,2018-11-08,1222.0,1166.284,2.72,-4.559410801963985
319,2018-11-23,2018-11-26,906.8,928.002,7.15,2.3381120423467134
320,2018-11-23,2018-11-26,917.028,929.6,3.53,1.370950505328082
321,2018-11-23,2018-11-26,928.8,928.002,1.74,-0.0859173126614989
322,2018-11-28,2018-11-29,957.2,971.6,6.86,1.504387797743416
323,2018-11-28,2018-11-29,967.6,970.8,3.39,0.33071517155848823
324,2018-11-28,2018-11-29,978.8,971.6,1.68,-0.7355946056395517
325,2018-11-30,2018-12-03,1009.6,1135.0,6.55,12.420760697305862
326,2018-11-30,2018-12-04,1021.6,1101.2059,3.23,7.792276820673444
327,2018-12-04,2018-12-06,1153.998,914.8,4.65,-20.727765559385723
328,2018-12-17,2018-12-18,846.98,792.0,7.77,-6.491298495832252
329,2018-12-17,2018-12-18,856.2,793.982,3.84,-7.266760102779733
330,2018-12-17,2018-12-18,867.06,792.0,1.9,-8.65684035706871
331,2019-01-02,2019-01-03,640.3501,688.0,9.64,7.441226291680129
332,2019-01-02,2019-01-03,645.47,663.9981,4.77,2.8704819743752603
333,2019-01-02,2019-01-03,652.4,688.0,2.36,5.456774984671984
334,2019-01-10,2019-01-14,913.598,915.794,7.09,0.24036830203218773
335,2019-01-10,2019-01-14,918.198,914.5,3.52,-0.40274537735869376
336,2019-01-10,2019-01-14,925.4,915.794,1.75,-1.038037605359844
337,2019-01-15,2019-01-16,927.8,962.8,6.97,3.7723647337788315
338,2019-01-15,2019-01-16,938.4,964.25,3.44,2.7546888320545633
339,2019-01-15,2019-01-16,948.2,962.8,1.7,1.539759544399906
340,2019-01-16,2019-01-17,998.224,928.6,4.98,-6.974787222106463
341,2019-01-16,2019-01-17,1007.836,933.252,2.47,-7.400410384229186
342,2019-01-25,2019-01-28,933.0,907.0,6.82,-2.786709539121115
343,2019-01-25,2019-01-28,941.0,897.3459,3.38,-4.639117959617425
344,2019-01-25,2019-01-28,947.6,907.0,1.68,-4.284508231321235
345,2019-01-30,2019-02-05,912.4,1007.2,6.75,10.390179745725566
346,2019-01-30,2019-02-05,918.866,1007.3,3.35,9.62425424381792
347,2019-01-30,2019-02-05,926.4,1007.2,1.66,8.72193436960277
348,2019-02-12,2019-02-13,1012.6,1028.3999,6.6,1.560329843966015
349,2019-02-14,2019-02-15,1015.6,1035.4,6.63,1.9495864513588095
350,2019-02-14,2019-02-19,1020.998,1096.2001,3.29,7.365548218507771
351,2019-02-14,2019-02-15,1027.4,1035.4,1.64,0.7786645902277592
352,2019-02-15,2019-02-19,1060.0,1061.2001,4.83,0.1132169811320774
353,2019-02-15,2019-02-19,1067.798,1096.2001,2.39,2.6598757442887155
354,2019-02-15,2019-02-19,1074.6,1061.2001,1.19,-1.2469663130467048
355,2019-02-22,2019-02-25,1046.8,1156.4,6.63,10.470003821169291
356,2019-02-22,2019-02-28,1057.798,1174.0,3.28,10.985273180701798
357,2019-02-25,2019-02-28,1189.2,1171.4,4.68,-1.4968045745038643
358,2019-02-25,2019-02-28,1201.2001,1174.0,2.31,-2.2644104008982366
359,2019-02-26,2019-02-28,1199.0,1165.4,1.16,-2.802335279399492
360,2019-03-01,2019-03-04,1257.6,1329.4,5.88,5.7092875318066305
361,2019-03-01,2019-03-04,1270.0,1265.002,2.9,-0.3935433070866179
362,2019-03-11,2019-03-12,1115.802,1159.6,6.8,3.925248386362455
363,2019-03-11,2019-03-14,1128.342,1211.0759,3.36,7.332342498994095
364,2019-03-11,2019-03-12,1140.3981,1159.6,1.66,1.6837891960710734
365,2019-03-13,2019-03-14,1246.6001,1212.2,4.69,-2.7595136563842777
366,2019-03-13,2019-03-14,1260.6,1211.0759,2.32,-3.9286133587180605
367,2019-03-18,2019-03-19,1267.0,1240.8,6.1,-2.0678768745067124
368,2019-03-18,2019-03-19,1274.45,1236.4,3.03,-2.9856016320765786
369,2019-03-18,2019-03-19,1280.0,1240.8,1.51,-3.0625000000000036
370,2019-03-21,2019-03-22,1212.0,1200.2,6.24,-0.9735973597359698
371,2019-03-21,2019-03-22,1229.002,1203.0,3.07,-2.1157003812849737
372,2019-03-21,2019-03-22,1246.188,1200.2,1.51,-3.6902939203394713
373,2019-03-29,2019-04-01,1185.0,1228.0,6.28,3.6286919831223625
374,2019-03-29,2019-04-03,1193.2,1268.3999,3.11,6.302371773382487
375,2019-03-29,2019-04-01,1201.2001,1228.0,1.55,2.2310937203551666
376,2019-04-02,2019-04-04,1228.598,1221.4,4.66,-0.585871049765657
377,2019-04-02,2019-04-03,1239.2,1268.3999,2.31,2.3563508715300068
378,2019-04-02,2019-04-04,1249.0,1224.352,1.15,-1.9734187349879835
379,2019-04-05,2019-04-08,1302.2,1256.214,5.91,-3.5314083858086396
380,2019-04-05,2019-04-09,1317.4,1257.104,2.92,-4.576893881888572
381,2019-04-10,2019-04-11,1284.998,1288.3999,5.81,0.2647397116571264
382,2019-04-23,2019-04-24,988.7,998.192,7.56,0.9600485485991668
383,2019-04-23,2019-04-24,999.696,993.0,3.73,-0.6698036203005739
384,2019-04-23,2019-04-24,1008.1,998.192,1.85,-0.9828390040670585
385,2019-04-25,2019-04-29,1017.0,1048.7999,7.35,3.126833824975416
386,2019-04-26,2019-04-30,1035.8,1003.6,3.61,-3.1087082448349035
387,2019-04-26,2019-04-29,1047.5499,1048.7999,1.78,0.1193260578803931
388,2019-05-02,2019-05-03,946.86,952.6,7.95,0.6062142238556923
389,2019-05-03,2019-05-06,985.786,934.56,7.65,-5.196462518234181
390,2019-05-03,2019-05-06,997.2,955.0,3.78,-4.2318491776975575
391,2019-05-06,2019-05-07,955.0,1003.31,5.71,5.058638743455492
392,2019-05-06,2019-05-07,969.1,1003.6,4.68,3.5600041275410175
393,2019-05-06,2019-05-07,979.8,1003.31,2.31,2.399469279444784
394,2019-05-15,2019-05-16,851.8879,879.2,8.8,3.206067371070783
395,2019-05-15,2019-05-17,864.0,870.2,4.34,0.7175925925925979
396,2019-05-16,2019-05-17,907.11,876.802,6.32,-3.341160388486511
397,2019-05-16,2019-05-17,919.0,870.2,3.12,-5.310119695320996
398,2019-05-16,2019-05-17,928.598,874.6,1.54,-5.81500283222664
399,2019-05-17,2019-05-20,904.0,833.602,8.19,-7.787389380530977
400,2019-05-21,2019-05-22,846.82,842.4,8.4,-0.5219527172244482
401,2019-05-21,2019-05-22,853.4,840.3,4.16,-1.5350363252870896
402,2019-05-21,2019-05-22,858.6,842.4,2.07,-1.8867924528301938
403,2019-05-24,2019-05-28,877.22,852.4,8.02,-2.829392854700081
404,2019-05-24,2019-05-28,884.42,852.4,3.98,-3.620451821532754
405,2019-05-28,2019-05-29,897.4401,822.9,1.96,-8.305857961996578
406,2019-06-03,2019-06-04,796.394,826.6001,8.53,3.792858811090992
407,2019-06-03,2019-06-05,803.0,868.0,4.23,8.094645080946451
408,2019-06-03,2019-06-04,808.0,826.6001,2.1,2.3019925742574254
409,2019-06-04,2019-06-06,849.2,827.322,6.17,-2.5763071125765475
410,2019-06-04,2019-06-05,857.8,868.0,3.05,1.189088365586389
411,2019-06-07,2019-06-10,857.0,885.0,8.18,3.267211201866978
412,2019-06-07,2019-06-10,867.88,847.03,4.04,-2.402405862561647
413,2019-06-13,2019-06-14,861.278,822.4,8.22,-4.513989675807352
414,2019-06-13,2019-06-14,866.806,823.4,4.08,-5.0075795506722445
415,2019-06-17,2019-06-18,880.834,964.6,7.75,9.509850891314377
416,2019-06-17,2019-06-20,888.8,1022.4,3.83,15.031503150315034
417,2019-06-17,2019-06-18,898.548,964.6,1.9,7.350970677136895
418,2019-06-20,2019-06-21,1036.4341,966.0,7.2,-6.795810751498813
419,2019-06-20,2019-06-21,1044.0,970.1281,3.57,-7.075852490421454
420,2019-06-27,2019-06-28,915.2,955.0,7.72,4.348776223776218
421,2019-06-27,2019-07-01,923.8,1050.0,3.82,13.660965576964717
422,2019-06-27,2019-06-28,932.084,955.0,1.89,2.4585766948043366
423,2019-06-28,2019-07-02,990.0,987.89,5.52,-0.2131313131313145
424,2019-06-28,2019-07-01,1000.0,1050.0,2.73,5.0
425,2019-07-03,2019-07-05,1028.5,988.8,7.32,-3.859990277102581
426,2019-07-03,2019-07-05,1038.0,983.6,3.62,-5.240847784200383
427,2019-07-09,2019-07-10,950.0,991.798,7.66,4.39978947368421
428,2019-07-09,2019-07-10,962.8,955.2,3.78,-0.7893643539675852
429,2019-07-09,2019-07-10,971.8,991.798,1.87,2.0578308293887684
430,2019-07-17,2019-07-19,935.0,971.0,7.95,3.8502673796791447
431,2019-07-18,2019-07-19,936.0,918.1379,3.97,-1.9083440170940231
432,2019-07-18,2019-07-19,945.0,971.0,1.96,2.751322751322751
433,2019-07-24,2019-07-25,926.8,890.0,8.15,-3.970651704790673
434,2019-07-24,2019-07-25,932.798,885.6,4.05,-5.059830745777755
435,2019-07-26,2019-07-29,912.4,881.2,8.0,-3.4195528277071383
436,2019-07-30,2019-07-31,927.638,930.7,7.73,0.33008565841416715
437,2019-07-30,2019-07-31,937.2,925.1,3.83,-1.2910798122065752
438,2019-07-30,2019-07-31,948.6,930.7,1.89,-1.8869913556820554
439,2019-08-13,2019-08-14,832.006,787.512,8.58,-5.347797972610778
440,2019-08-13,2019-08-14,844.0,779.8101,4.22,-7.605438388625588
441,2019-08-16,2019-08-19,789.6,838.2,8.62,6.155015197568392
442,2019-08-16,2019-08-20,796.75,797.8,4.26,0.13178537809851953
443,2019-08-16,2019-08-19,803.9981,838.2,2.11,4.253977714623955
444,2019-08-27,2019-08-28,762.0,685.0641,9.24,-10.096574803149599
445,2019-09-05,2019-09-06,743.638,709.0,8.99,-4.657911510708171
446,2019-09-10,2019-09-12,717.0,824.6,9.1,15.006973500697354
447,2019-09-10,2019-09-12,724.0,775.138,4.5,7.063259668508291
448,2019-09-10,2019-09-12,731.6001,824.6,2.23,12.71184900056739
449,2019-09-16,2019-09-17,797.8,790.402,9.05,-0.9273000752068076
450,2019-09-16,2019-09-17,806.0,789.6,4.48,-2.03473945409429
451,2019-09-16,2019-09-17,815.02,790.402,2.21,-3.020539373266906
452,2019-10-01,2019-10-02,642.024,565.6001,11.09,-11.903589273921225
453,2019-10-01,2019-10-02,648.4961,564.8,5.48,-12.906184015601637
454,2019-10-10,2019-10-11,603.6,624.2,10.7,3.4128561961563983
455,2019-10-10,2019-10-14,610.522,616.0,5.28,0.8972649634247334
456,2019-10-11,2019-10-14,637.2,615.6001,7.77,-3.3898148148148217
457,2019-10-11,2019-10-14,641.4,616.0,3.85,-3.9600873090115343
458,2019-10-11,2019-10-17,646.2,681.6001,1.91,5.47819560507582
459,2019-10-14,2019-10-18,644.4,664.6,9.03,3.1346989447548177
460,2019-10-14,2019-10-17,649.398,681.6001,4.48,4.958761807089022
461,2019-10-14,2019-10-18,653.8,664.2,2.22,1.5907005200367226
462,2019-10-15,2019-10-17,659.598,681.6001,1.1,3.3356832494943958
463,2019-10-17,2019-10-18,691.2,664.6,4.21,-3.848379629629633
464,2019-10-17,2019-10-18,692.4,664.666,2.1,-4.005488157134594
465,2019-10-17,2019-10-18,698.2,664.6,1.05,-4.8123746777427705
466,2019-10-23,2019-10-24,737.002,703.0181,8.88,-4.611100105562801
467,2019-10-25,2019-10-28,714.2,747.0,8.94,4.5925511061327295
468,2019-10-25,2019-10-29,718.95,777.0,4.44,8.074274984352174
469,2019-10-25,2019-10-28,725.6,747.0,2.2,2.949283351708927
470,2019-10-28,2019-10-31,772.0,736.4,6.42,-4.611398963730573
471,2019-11-01,2019-11-04,772.0,820.0,8.5,6.217616580310881
472,2019-11-01,2019-11-05,778.166,779.958,4.21,0.23028505485974926
473,2019-11-01,2019-11-04,784.264,820.0,2.09,4.556628890271642
474,2019-11-08,2019-11-13,758.734,779.2,8.96,2.6973880174079463
475,2019-11-08,2019-11-14,766.9921,790.1001,4.43,3.0128080849854837
476,2019-11-08,2019-11-13,769.408,779.2,2.2,1.2726667775744507
477,2019-11-12,2019-11-14,815.8001,788.2,1.04,-3.3831939956859527
478,2019-11-13,2019-11-14,808.688,790.1001,5.9,-2.2985255129295834
479,2019-11-13,2019-11-14,816.392,787.4,2.92,-3.551235190937696
480,2019-11-13,2019-11-14,821.5921,790.1001,1.45,-3.833045619596386
481,2019-11-15,2019-11-19,825.4,855.6,8.24,3.6588320814150768
482,2019-11-20,2019-11-25,920.52,969.2,7.52,5.288315300047806
483,2019-11-25,2019-11-26,989.202,1060.0,7.18,7.157082173307374
484,2019-11-25,2019-12-02,999.6,1062.552,3.55,6.297719087635042
485,2019-11-25,2019-11-26,1004.8,1060.0,1.76,5.493630573248413
486,2019-11-27,2019-12-02,1074.0,1060.478,5.23,-1.2590316573556737
487,2019-11-27,2019-12-02,1080.6,1062.552,2.6,-1.6701832315380347
488,2019-11-27,2019-12-02,1087.738,1060.866,1.29,-2.4704478468160596
489,2019-12-04,2019-12-05,1149.2,1090.2,6.46,-5.134006265227985
490,2019-12-09,2019-12-10,1194.8,1138.7999,6.05,-4.68698526950117
491,2019-12-09,2019-12-10,1198.686,1129.0,3.01,-5.813532484737448
492,2019-12-10,2019-12-11,1168.6,1130.2,5.94,-3.2859832277939303
493,2019-12-12,2019-12-13,1166.002,1140.6,5.85,-2.178555439870604
494,2019-12-13,2019-12-17,1191.8,1220.0,2.86,2.3661688202718616
495,2019-12-13,2019-12-18,1198.6,1158.0,1.42,-3.3872851660270245
496,2019-12-23,2019-12-26,1234.0,1286.998,5.47,4.294813614262565
497,2019-12-23,2019-12-27,1238.966,1217.25,2.72,-1.7527518914966105
498,2019-12-23,2019-12-26,1244.796,1286.998,1.36,3.3902743903418706
499,2020-01-06,2020-01-07,1079.6,1119.6,6.38,3.7050759540570586
500,2020-01-06,2020-01-09,1086.484,1186.6001,3.17,9.214687008736455
501,2020-01-06,2020-01-07,1096.15,1119.6,1.57,2.13930575194999
502,2020-01-08,2020-01-10,1139.6,1141.536,4.65,0.16988416988418298
503,2020-01-08,2020-01-09,1152.532,1186.6001,2.3,2.9559352798881235
504,2020-01-08,2020-01-10,1161.772,1140.2,1.14,-1.8568187217457375
505,2020-01-10,2020-01-13,1199.8,1100.952,3.26,-8.238706451075176
506,2020-01-30,2020-01-31,998.538,952.366,7.06,-4.623960229856052
507,2020-01-30,2020-01-31,1003.2,948.0,3.51,-5.502392344497612
508,2020-02-03,2020-02-04,986.4,1036.6001,6.87,5.089223438767248
509,2020-02-04,2020-02-05,1060.5,1113.6,6.55,5.007072135784998
510,2020-02-04,2020-02-07,1066.6001,1123.2,3.25,5.306571788245654
511,2020-02-04,2020-02-05,1075.8,1113.6,1.61,3.5136642498605646
512,2020-02-05,2020-02-07,1140.4,1123.144,4.74,-1.513153279551042
513,2020-02-05,2020-02-07,1147.4,1123.2,2.36,-2.1091162628551543
514,2020-02-05,2020-02-07,1157.086,1126.1599,1.17,-2.672757253998398
515,2020-02-10,2020-02-11,1148.572,1201.2001,6.22,4.582046227837709
516,2020-02-10,2020-02-14,1156.2001,1152.37,3.08,-0.33126618826621185
517,2020-02-10,2020-02-11,1165.4039,1201.2001,1.53,3.071570294213019
518,2020-02-12,2020-02-14,1218.2,1153.0,4.55,-5.352158923001152
519,2020-02-19,2020-02-20,1241.87,1185.4299,5.77,-4.544767165645342
520,2020-04-14,2020-04-15,588.6,564.3,11.89,-4.128440366972488
521,2020-04-14,2020-04-15,595.6001,564.8,5.87,-5.171271797973177
522,2020-04-14,2020-04-15,601.198,564.3,2.91,-6.1374123001074565
523,2020-04-15,2020-04-16,586.6,572.2,11.42,-2.4548244118649807
524,2020-04-16,2020-04-17,598.528,663.6,5.6,10.872005988023952
525,2020-04-16,2020-04-20,605.8001,729.38,8.15,20.399451898406742
526,2020-04-23,2020-04-24,799.4,778.0,9.12,-2.67700775581686
527,2020-04-23,2020-04-24,807.0,779.76,4.52,-3.3754646840148705
528,2020-04-23,2020-04-24,818.6,778.0,2.22,-4.959687270950406
529,2020-05-06,2020-05-07,863.8,834.6,8.2,-3.3804121324380563
530,2020-05-06,2020-05-12,871.4,1045.6,4.06,19.990819371126914
531,2020-05-06,2020-05-07,880.0,834.6,2.01,-5.1590909090909065
532,2020-05-08,2020-05-12,889.2,987.66,5.78,11.072874493927117
533,2020-05-08,2020-05-12,897.6,1045.6,2.86,16.488413547237062
534,2020-05-22,2020-05-26,1036.7,1100.0,7.47,6.105912993151341
535,2020-06-02,2020-06-03,1006.162,984.2,7.93,-2.1827498951461086
536,2020-06-02,2020-06-03,1014.476,985.8,3.93,-2.826680966331391
537,2020-06-02,2020-06-03,1026.0,984.2,1.94,-4.07407407407407
538,2020-06-04,2020-06-05,1005.2839,941.4,7.75,-6.35481180987779
539,2020-06-18,2020-06-19,989.9,1037.6,7.61,4.818668552379021
540,2020-06-18,2020-06-19,999.2,1023.4,3.77,2.421937550040025
541,2020-06-18,2020-06-19,1003.4,1037.6,1.87,3.408411401235792
542,2020-06-19,2020-06-22,1074.8,1117.4,5.45,3.96352809825085
543,2020-06-19,2020-06-22,1087.9979,1070.6,4.46,-1.5990747776259644
544,2020-06-19,2020-06-22,1099.6,1117.4,2.2,1.6187704619861933
545,2020-06-24,2020-06-25,1288.598,1171.798,6.11,-9.06411464242533
546,2020-07-07,2020-07-08,1246.2001,1274.6,6.02,2.2789197336767897
547,2020-07-07,2020-07-08,1258.99,1272.6,2.98,1.0810252662848714
548,2020-07-07,2020-07-08,1267.0,1274.6,1.48,0.5998421468034656
549,2020-07-13,2020-07-14,1346.7999,1183.7999,5.65,-12.102763001393155
550,2020-07-13,2020-07-14,1362.2,1161.2001,2.79,-14.75553516370577
551,2020-07-13,2020-07-14,1378.0,1183.7999,1.38,-14.09289550072569
552,2020-07-17,2020-07-20,1357.798,1440.0,4.95,6.054066952521656
553,2020-07-17,2020-07-20,1371.2,1387.4,2.45,1.181446907817973
554,2020-07-17,2020-07-20,1386.822,1440.0,1.21,3.8345223828292396
555,2020-07-23,2020-07-24,1371.0,1197.2,5.09,-12.676878191101382
556,2020-07-23,2020-07-24,1383.3999,1174.6,2.52,-15.093242380601588
557,2020-08-07,2020-08-10,1247.8,1190.2,5.02,-4.616124378906869
558,2020-08-13,2020-08-14,1108.21,1075.2,5.52,-2.9786773264994895
559,2020-08-13,2020-08-14,1116.9,1075.2681,2.73,-3.727450980392164
560,2020-08-13,2020-08-14,1127.168,1075.2,1.35,-4.6104928457869505
561,2020-08-17,2020-08-18,1122.4,1204.0,5.28,7.270135424091224
562,2020-08-17,2020-08-18,1136.9,1143.73,2.6,0.600756442958917
563,2020-08-17,2020-08-18,1148.3999,1204.0,1.29,4.8415277639783945
564,2020-08-31,2020-09-01,1100.0,1073.6,5.61,-2.4000000000000083
565,2020-08-31,2020-09-01,1109.4,1073.3999,2.78,-3.2450063097169823
566,2020-08-31,2020-09-01,1119.4,1073.6,1.38,-4.091477577273555
567,2020-09-10,2020-09-11,980.858,931.9,6.13,-4.9913443128363095
568,2020-09-10,2020-09-11,991.702,920.6021,3.03,-7.169482364661969
569,2020-09-16,2020-09-17,1167.4,1136.4,4.92,-2.6554737022443033
570,2020-09-16,2020-09-17,1171.8,1150.0,2.45,-1.8603857313534695
571,2020-09-16,2020-09-17,1182.2,1136.4,1.22,-3.87413297242429
572,2020-09-29,2020-09-30,1083.636,1065.0,5.18,-1.7197656777737145
573,2020-09-29,2020-09-30,1093.7001,1059.6,2.56,-3.1178656745116973
574,2020-09-30,2020-10-01,1112.0,1064.0,1.26,-4.316546762589928
575,2020-10-02,2020-10-06,1075.0,1196.8,5.1,11.33023255813953
576,2020-10-02,2020-10-06,1086.566,1171.6001,2.52,7.825948906923287
577,2020-10-02,2020-10-06,1092.09,1196.8,1.25,9.588037615947407
578,2020-10-13,2020-10-14,1343.7,1339.2019,4.43,-0.3347547815732695
579,2020-10-13,2020-10-14,1352.874,1339.0,2.2,-1.0255204845388428
580,2020-10-13,2020-10-14,1362.8,1339.2019,1.09,-1.731589374816549
581,2020-10-15,2020-10-16,1319.6001,1332.0,4.48,0.9396710412495337
582,2020-10-16,2020-10-19,1380.2001,1317.7161,4.3,-4.527169647357649
583,2020-10-26,2020-10-27,1217.2,1167.4,4.76,-4.0913572132763685
584,2020-10-26,2020-10-27,1224.2,1162.8,2.37,-5.015520339813763
585,2020-10-26,2020-10-27,1232.584,1167.4,1.17,-5.288402250881073
586,2020-10-29,2020-10-30,1154.6,1114.55,4.82,-3.468733760609731
587,2020-10-29,2020-10-30,1165.6,1114.2,2.38,-4.409746053534649
588,2020-11-12,2020-11-16,1420.074,1491.362,3.8,5.02002008346044
589,2020-11-12,2020-11-17,1431.5,1422.2,1.88,-0.6496681802305242
590,2020-11-17,2020-11-18,1489.4,1508.8,3.7,1.3025379347388117
591,2020-11-20,2020-11-23,1453.2001,1504.0,3.82,3.4957264316180527
592,2020-11-20,2020-11-30,1464.0801,1705.6,1.89,16.496358361813677
593,2020-11-25,2020-11-27,1514.1499,1524.602,2.81,0.6902949305085448
594,2020-12-03,2020-12-04,1767.8,1780.962,3.33,0.744541237696574
595,2020-12-04,2020-12-07,1817.4,1900.0,3.24,4.54495433036205
596,2020-12-04,2020-12-07,1831.6,1888.2,1.61,3.0901943655820125
597,2020-12-07,2020-12-08,1952.6,1890.0,2.33,-3.205981767899207
598,2020-12-07,2020-12-08,1973.35,1882.4,1.15,-4.608913776066072
599,2020-12-08,2020-12-09,1950.652,2057.8,3.04,5.492932619452374
600,2020-12-08,2020-12-09,1972.6,1958.0,1.51,-0.740139916860991
601,2020-12-14,2020-12-15,2279.226,2302.4001,2.67,1.0167530556425612
602,2020-12-14,2020-12-15,2313.0,2270.6,1.31,-1.8331171638564674
603,2020-12-17,2020-12-18,2284.4,2313.8,2.66,1.286990019261079
604,2020-12-21,2020-12-22,2300.0,2497.0,2.66,8.565217391304348
605,2020-12-21,2020-12-23,2316.546,2445.4,1.32,5.562332886979162
606,2021-01-06,2021-01-08,2015.65,2428.18,3.2,20.46635080495124
607,2021-01-06,2021-01-08,2026.0,2436.5,1.59,20.261599210266535
608,2021-01-13,2021-01-15,2447.7341,2527.0,3.04,3.238337857040921
609,2021-01-14,2021-01-15,2429.2,2516.7998,1.53,3.6061172402437003
610,2021-01-20,2021-01-21,2706.5,2592.0,2.81,-4.230556068723444
611,2021-02-05,2021-02-08,3178.3982,3348.0,2.34,5.33607777653536
612,2021-02-05,2021-02-09,3208.1602,3683.4,1.16,14.813468479535413
613,2021-02-19,2021-02-22,2819.4,2706.4001,2.81,-4.007941405972911
614,2021-02-19,2021-02-22,2853.2002,2714.5999,1.38,-4.857713805010951
615,2021-04-14,2021-04-16,1410.034,1451.892,5.43,2.9685808994676686
616,2021-04-14,2021-04-16,1421.7999,1454.324,2.69,2.287530052576322
617,2021-04-14,2021-04-16,1435.858,1451.892,1.33,1.1166842403636088
618,2021-04-26,2021-04-27,1542.4,1681.0,5.06,8.9859958506224
619,2021-04-26,2021-04-28,1557.0,1627.8,2.51,4.5472061657032725
620,2021-04-26,2021-04-27,1571.75,1681.0,1.24,6.950850962303165
621,2021-04-28,2021-04-29,1690.578,1722.962,4.91,1.9155578742891495
622,2021-04-28,2021-04-29,1710.988,1627.1001,2.43,-4.902892363944104
623,2021-04-28,2021-04-29,1722.4,1722.962,1.2,0.03262888992103449
624,2021-05-18,2021-05-19,1282.002,1173.0,6.46,-8.50248283544019
625,2021-05-18,2021-05-19,1298.6,1198.2,3.18,-7.731403049437846
626,2021-05-18,2021-05-19,1313.0,1173.0,1.58,-10.662604722010663
627,2021-05-20,2021-05-21,1248.3999,1285.0,6.12,2.931760888478132
628,2021-05-20,2021-05-24,1258.7999,1222.802,3.04,-2.8596999411900232
629,2021-05-20,2021-05-21,1274.798,1285.0,1.5,0.8002836527826369
630,2021-05-26,2021-05-27,1206.6001,1249.0,6.38,3.5139977197084504
631,2021-05-26,2021-05-28,1219.76,1292.0,3.16,5.922476552764479
632,2021-05-28,2021-06-01,1328.0,1268.0,5.98,-4.518072289156627
633,2021-05-28,2021-06-01,1341.5199,1248.002,2.96,-6.971040832118856
634,2021-05-28,2021-06-01,1351.1,1268.0,1.47,-6.150544001184214
635,2021-06-07,2021-06-08,1260.0,1425.3999,6.0,13.126976190476181
636,2021-06-07,2021-06-08,1268.0,1372.8,2.97,8.264984227129334
637,2021-06-07,2021-06-08,1277.9,1425.3999,1.48,11.54236638234602
638,2021-06-10,2021-06-11,1495.6,1516.2,5.55,1.3773736293126595
639,2021-06-10,2021-06-15,1509.7999,1475.3999,2.75,-2.2784476273975174
640,2021-06-14,2021-06-15,1543.3999,1471.9,4.07,-4.63262308103038
641,2021-06-14,2021-06-15,1552.3801,1475.3999,2.02,-4.958849962067936
642,2021-06-21,2021-06-22,1466.0,1391.36,5.51,-5.091405184174631
643,2021-06-24,2021-06-25,1507.0,1540.0,5.22,2.18978102189781
644,2021-06-24,2021-06-28,1523.3999,1647.2,2.58,8.126566110448096
645,2021-06-24,2021-06-25,1534.6001,1540.0,1.28,0.351876687613919
646,2021-06-25,2021-06-28,1576.0,1585.0,3.79,0.5710659898477157
647,2021-06-30,2021-07-02,1519.77,1573.0,5.34,3.502503668318233
648,2021-07-19,2021-07-21,1167.374,1258.7999,7.07,7.8317574316371585
649,2021-07-19,2021-07-22,1183.7001,1228.002,3.49,3.7426625206840765
650,2021-07-19,2021-07-21,1198.7999,1258.7999,1.72,5.005005422506292
651,2021-08-04,2021-08-05,1145.0,1122.2,7.6,-1.9912663755458475
652,2021-08-04,2021-08-05,1158.2,1124.6,3.75,-2.9010533586600014
653,2021-08-04,2021-08-05,1173.3999,1122.2,1.85,-4.363380293453225
654,2021-08-09,2021-08-10,1226.0,1167.564,6.92,-4.766394779771608
655,2021-08-12,2021-08-13,1173.3999,1129.0,7.06,-3.7838677163684684
656,2021-08-12,2021-08-13,1185.76,1130.102,3.49,-4.693867224396159
657,2021-08-17,2021-08-18,1051.8,1048.2,7.62,-0.342270393610944
658,2021-08-17,2021-08-18,1068.6,1046.2001,3.75,-2.0961912783080563
659,2021-08-17,2021-08-18,1080.998,1048.2,1.85,-3.0340481666016035
660,2021-08-20,2021-08-23,1009.4,1081.6001,7.85,7.152773925104036
661,2021-08-20,2021-08-25,1021.95,1229.4,3.87,20.299427564949365
662,2021-08-20,2021-08-23,1035.7,1081.6001,1.91,4.431794921309265
663,2021-08-25,2021-08-26,1203.0,1207.1,5.21,0.34081463009143054
664,2021-08-25,2021-08-26,1212.5,1201.258,2.58,-0.9271752577319556
665,2021-08-25,2021-08-26,1221.3301,1207.1,1.28,-1.165131359654527
666,2021-08-27,2021-08-30,1262.6,1280.4021,6.83,1.4099556470774681
667,2021-08-27,2021-08-30,1275.6,1277.0,3.38,0.10975227343995697
668,2021-08-27,2021-08-30,1290.19,1280.4021,1.67,-0.7586402002805817
669,2021-08-31,2021-09-03,1331.0,1366.2,6.51,2.6446280991735573
670,2021-08-31,2021-09-03,1344.4,1366.398,3.22,1.6362689675691624
671,2021-09-01,2021-09-03,1355.3999,1366.2,1.6,0.7968201856883831
672,2021-09-07,2021-09-08,1407.7001,1329.7999,6.26,-5.533863356264593
673,2021-09-09,2021-09-10,1337.4,1307.062,6.4,-2.268431284582039
674,2021-09-09,2021-09-10,1352.8,1307.55,3.16,-3.34491425192194
675,2021-09-09,2021-09-10,1370.8,1307.062,1.56,-4.649693609571058
676,2021-09-17,2021-09-20,1291.5,1227.3,6.45,-4.970963995354243
677,2021-09-17,2021-09-20,1304.4,1241.8,3.19,-4.799141367678636
678,2021-09-17,2021-09-20,1316.4,1227.3,1.58,-6.768459434822252
679,2021-09-23,2021-09-24,1291.4,1248.7999,6.15,-3.298753291002022
680,2021-09-23,2021-09-24,1305.6,1248.0,3.04,-4.411764705882346
681,2021-09-23,2021-09-24,1316.0,1248.7999,1.51,-5.1063905775076
682,2021-09-27,2021-09-28,1276.6381,1228.0,6.01,-3.809858095258155
683,2021-09-27,2021-09-28,1290.6,1229.2,2.97,-4.757477142414371
684,2021-09-27,2021-09-28,1299.4,1228.0,1.47,-5.494843774049568
685,2021-10-05,2021-10-06,1080.756,1019.6,6.82,-5.658631550507243
686,2021-10-07,2021-10-08,1054.36,1030.68,6.79,-2.2459122121476383
687,2021-10-07,2021-10-08,1061.6001,1031.0,3.37,-2.882450745812864
688,2021-10-07,2021-10-08,1073.6,1030.68,1.66,-3.9977645305514016
689,2021-10-11,2021-10-14,1070.5,1113.6,6.52,4.026156001868277
690,2021-10-11,2021-10-15,1082.0,1160.0,3.22,7.208872458410351
691,2021-10-11,2021-10-14,1091.6001,1113.6,1.6,2.015380907348744
692,2021-10-14,2021-10-15,1139.598,1102.8,4.73,-3.229033395987006
693,2021-10-14,2021-10-15,1148.0,1160.0,2.34,1.0452961672473868
694,2021-10-14,2021-10-15,1154.8,1100.6,1.17,-4.693453411846211
695,2021-10-19,2021-10-22,1065.2,1018.022,6.71,-4.429027412692451
696,2021-10-19,2021-10-22,1074.9,1020.3,3.32,-5.079542283003082
697,2021-10-20,2021-10-22,1075.2,1018.022,1.66,-5.317894345238095
698,2021-10-26,2021-10-27,1097.7,1045.348,6.23,-4.769244784549521
699,2021-10-26,2021-10-27,1106.4,1039.4,3.09,-6.055676066522054
700,2021-10-28,2021-11-02,1050.6,1190.2,6.25,13.287645155149452
701,2021-10-28,2021-11-03,1060.1,1272.2,3.09,20.007546457881347
702,2021-10-28,2021-11-02,1071.6001,1190.2,1.53,11.067552158683068
703,2021-11-10,2021-11-11,1172.0,1104.3,6.32,-5.776450511945396
704,2021-11-10,2021-11-11,1184.6,1104.4,3.13,-6.7702177950362845
705,2021-11-10,2021-11-11,1194.6,1104.3,1.55,-7.559015570065291
706,2021-12-22,2021-12-27,819.8001,825.172,8.53,0.6552694980154287
707,2021-12-22,2021-12-27,827.94,818.39,4.22,-1.1534652269488208
708,2021-12-28,2021-12-29,807.0,743.6,8.66,-7.856257744733579
709,2021-12-28,2021-12-29,817.476,737.7,4.27,-9.758818607518748
710,2021-12-28,2021-12-29,827.4,743.6,2.11,-10.128112158569007
711,2021-12-30,2021-12-31,757.4,750.0,8.51,-0.9770266701874805
712,2021-12-30,2021-12-31,762.006,753.0,4.23,-1.1818804576341884
713,2021-12-30,2021-12-31,768.7921,750.0,2.1,-2.444366949140087
714,2022-03-08,2022-03-10,273.7,297.4,23.29,8.659115820241137
715,2022-03-08,2022-03-10,277.798,297.5,11.46,7.092203687571544
716,2022-03-08,2022-03-10,280.1,297.4,5.68,6.176365583720083
717,2022-03-16,2022-03-18,266.7,322.602,25.51,20.960629921259837
718,2022-03-16,2022-03-18,269.6,324.398,12.61,20.32566765578635
719,2022-03-16,2022-03-18,272.4,328.0,6.23,20.41116005873716
720,2022-04-01,2022-04-04,330.4,350.6,24.29,6.113801452784518
721,2022-04-01,2022-04-05,334.2,369.0,12.0,10.41292639138241
722,2022-04-01,2022-04-04,338.3,350.6,5.92,3.6358261897723945
723,2022-07-26,2022-07-27,170.8,167.4,49.81,-1.9906323185011743
724,2022-07-26,2022-07-27,172.844,168.598,24.59,-2.4565504154034743
725,2022-07-26,2022-07-27,174.736,167.4,12.15,-4.198333485944502
726,2022-08-22,2022-08-23,201.6,191.598,41.24,-4.961309523809514
727,2022-09-01,2022-09-02,175.3,192.2,46.22,9.640616086708487
728,2022-09-01,2022-09-02,177.2,182.2,22.85,2.8216704288939054
729,2022-09-01,2022-09-02,179.09,192.2,11.3,7.320341727622974
730,2022-10-05,2022-10-06,156.8,153.624,54.94,-2.025510204081643
731,2022-10-05,2022-10-06,158.4,153.5,27.17,-3.093434343434347
732,2022-10-05,2022-10-06,160.1,153.624,13.44,-4.044971892567145
733,2022-11-02,2022-11-03,156.2,135.3,53.82,-13.380281690140833
734,2022-11-02,2022-11-03,158.3,137.5,26.54,-13.139608338597606
735,2022-11-02,2022-11-03,159.926,135.3,13.12,-15.398371746932943
736,2022-11-08,2022-11-09,139.778,133.2,52.92,-4.7060338536822695
737,2022-11-08,2022-11-09,141.394,133.6,26.14,-5.51225653139455
738,2022-11-08,2022-11-09,142.7,133.2,12.94,-6.657323055360898
739,2022-11-28,2022-11-29,139.644,131.9,50.49,-5.5455300621580585
740,2022-11-30,2022-12-01,140.4,151.6,48.8,7.977207977207969
741,2022-11-30,2022-12-01,141.0,143.998,24.28,2.1262411347517665
742,2022-11-30,2022-12-01,142.314,151.6,12.01,6.525008080722909
743,2022-12-02,2022-12-05,146.4,153.598,49.23,4.916666666666671
744,2022-12-02,2022-12-05,148.59,153.0,24.24,2.9678982434887926
745,2022-12-02,2022-12-05,149.936,153.598,12.0,2.4423754135097684
746,2022-12-12,2022-12-13,132.4,148.4,56.28,12.084592145015105
747,2022-12-12,2022-12-13,134.154,141.1,27.75,5.177631677027892
748,2022-12-12,2022-12-13,135.74,148.4,13.71,9.326653897156326
749,2022-12-29,2022-12-30,129.2,134.14,62.5,3.8235294117647047
750,2022-12-29,2022-12-30,130.9,133.9,30.82,2.2918258212375857
751,2022-12-29,2022-12-30,132.0,134.14,15.28,1.621212121212111
752,2023-01-06,2023-01-09,143.448,137.4,57.74,-4.216161954157605
753,2023-01-06,2023-01-09,144.384,136.8,28.66,-5.252659574468068
754,2023-01-12,2023-01-13,153.598,166.1,52.02,8.139428898813774
755,2023-01-12,2023-01-13,155.5,166.2,25.67,6.881028938906746
756,2023-01-12,2023-01-13,157.3,166.1,12.68,5.5944055944055835
757,2023-01-18,2023-01-19,167.552,152.198,50.72,-9.163722307104653
758,2023-01-18,2023-01-19,169.3,149.7,25.08,-11.57708210277615
759,2023-01-20,2023-01-23,156.5,157.8,50.19,0.8306709265175791
760,2023-01-24,2023-01-25,162.0,161.0,48.65,-0.6172839506172839
761,2023-01-24,2023-01-25,163.6,161.6,24.07,-1.2224938875305624
762,2023-01-24,2023-01-25,165.8,161.0,11.87,-2.895054282267799
763,2023-02-01,2023-02-02,171.6,177.6,45.43,3.4965034965034967
764,2023-02-01,2023-02-02,173.48,178.2,22.45,2.7207747290753974
765,2023-02-01,2023-02-02,175.402,177.6,11.09,1.2531214011242788
766,2023-02-14,2023-02-15,151.2,145.034,52.83,-4.078042328042327
767,2023-02-14,2023-02-15,152.9,143.7,26.1,-6.017004578155668
768,2023-02-17,2023-02-21,147.0,145.8,52.35,-0.8163265306122371
769,2023-02-17,2023-02-21,148.39,145.6,25.92,-1.8801806051620678
770,2023-02-17,2023-02-21,150.0,145.8,12.81,-2.7999999999999923
771,2023-02-27,2023-03-02,132.2,128.2,57.43,-3.0257186081694405
772,2023-02-28,2023-03-02,131.0,128.1,28.96,-2.2137404580152715
773,2023-02-28,2023-03-02,132.4,128.2,14.32,-3.1722054380664777
774,2023-02-28,2023-03-02,132.932,127.78,7.12,-3.8756657539192876
775,2023-03-01,2023-03-02,134.9,128.2,3.51,-4.966641957005201
776,2023-03-03,2023-03-06,132.398,130.142,55.63,-1.7039532319219324
777,2023-03-03,2023-03-06,133.294,129.8,27.61,-2.6212732756163066
778,2023-03-03,2023-03-06,134.402,130.142,13.68,-3.169595690540313
779,2023-03-16,2023-03-17,109.3,104.8,66.02,-4.117108874656908
780,2023-03-16,2023-03-17,110.368,103.6,32.67,-6.13221223543056
781,2023-03-29,2023-03-30,97.3,100.4,71.43,3.186022610483051
782,2023-03-29,2023-03-30,98.3,95.7,35.32,-2.644964394710066
783,2023-03-29,2023-03-30,98.92,100.4,17.54,1.4961585119288352
784,2023-04-03,2023-04-04,101.488,98.0,69.16,-3.436859530190761
785,2023-04-03,2023-04-04,102.422,98.198,34.24,-4.124113959891433
786,2023-04-06,2023-04-10,97.2,94.4,70.15,-2.880658436213989
787,2023-04-06,2023-04-10,98.198,94.798,34.7,-3.462392309415662
788,2023-04-06,2023-04-10,99.16,94.4,17.17,-4.800322710770463
789,2023-04-11,2023-04-12,99.8,102.4,66.26,2.6052104208416917
790,2023-04-11,2023-04-12,100.6,97.58,32.84,-3.0019880715705725
791,2023-04-19,2023-04-20,117.14,115.2,56.7,-1.6561379545842563
792,2023-04-19,2023-04-20,118.7,114.8,27.96,-3.285593934288126
793,2023-04-19,2023-04-20,120.17,115.2,13.8,-4.135807605891652
794,2023-04-21,2023-04-24,115.8,114.424,56.05,-1.1882556131260713
795,2023-04-21,2023-04-24,116.8,114.37,27.76,-2.0804794520547882
796,2023-04-21,2023-04-24,117.7,114.424,13.77,-2.7833474936278644
797,2023-04-28,2023-05-02,107.8,115.766,59.25,7.3896103896103975
798,2023-04-28,2023-05-02,108.8,115.6,29.34,6.249999999999997
799,2023-04-28,2023-05-02,109.8,115.766,14.52,5.433515482695818
800,2023-05-09,2023-05-10,132.3,143.6,51.08,8.541194255479956
801,2023-05-09,2023-05-11,133.7,138.194,25.26,3.361256544502618
802,2023-05-09,2023-05-10,135.0,143.6,12.5,6.370370370370367
803,2023-05-15,2023-05-16,138.612,132.6,51.57,-4.337286814994373
804,2023-05-15,2023-05-16,140.2,131.2,25.48,-6.419400855920114
805,2023-05-15,2023-05-16,141.81,132.6,12.59,-6.494605458007198
806,2023-05-22,2023-05-23,136.8,144.2,49.8,5.409356725146182
807,2023-05-22,2023-05-23,137.408,144.1,24.77,4.870167675826741
808,2023-05-22,2023-05-23,138.398,144.2,12.29,4.192257113542098
809,2023-05-23,2023-05-24,146.1,135.34,5.82,-7.364818617385346
810,2023-05-23,2023-05-24,148.2,133.4,2.86,-9.986504723346817
811,2023-05-23,2023-05-24,149.8,135.34,1.42,-9.652870493991994
812,2023-05-30,2023-05-31,130.0,123.72,54.18,-4.830769230769231
813,2023-05-30,2023-05-31,130.798,123.436,26.9,-5.628526430067734
814,2023-06-05,2023-06-07,136.4,137.5,49.61,0.8064516129032216
815,2023-06-05,2023-06-09,137.6,138.3,24.57,0.5087209302325706
816,2023-06-06,2023-06-07,140.2,137.5,12.05,-1.9258202567760265
817,2023-06-06,2023-06-09,141.4,138.3,5.97,-2.1923620933521883
818,2023-06-06,2023-06-07,142.6,137.5,2.96,-3.5764375876577805
819,2023-06-12,2023-06-14,148.4,147.602,45.56,-0.537735849056605
820,2023-06-12,2023-06-14,149.4,147.6,22.61,-1.2048192771084412
821,2023-06-12,2023-06-14,150.906,147.602,11.18,-2.189442434363115
822,2023-06-28,2023-06-29,121.0,115.5,55.33,-4.545454545454546
823,2023-07-05,2023-07-06,118.2,112.6,55.32,-4.73773265651439
824,2023-07-05,2023-07-06,119.2,112.798,27.41,-5.370805369127518
825,2023-07-07,2023-07-12,115.3,125.6,54.55,8.933217692974846
826,2023-07-10,2023-07-14,114.848,120.4,27.36,4.834215658957933
827,2023-07-10,2023-07-12,115.8,125.6,13.56,8.462867012089808
828,2023-07-10,2023-07-14,116.6,120.0,6.73,2.9159519725557512
829,2023-07-17,2023-07-20,128.8,125.402,52.14,-2.638198757763983
830,2023-07-17,2023-07-20,130.2,125.6,25.77,-3.533026113671271
831,2023-07-17,2023-07-20,131.798,125.402,12.72,-4.852880923837995
832,2023-07-19,2023-07-20,132.2,125.37,6.34,-5.1664145234493075
833,2023-07-21,2023-07-24,127.198,121.0,51.07,-4.872718124498808
834,2023-07-28,2023-08-01,117.8,114.744,53.77,-2.59422750424448
835,2023-07-28,2023-08-01,119.4,114.602,26.51,-4.018425460636517
836,2023-08-09,2023-08-10,103.2,100.6,59.9,-2.519379844961249
837,2023-08-10,2023-08-14,103.398,99.1,29.87,-4.156753515541888
838,2023-08-10,2023-08-14,104.546,97.7,14.76,-6.548313660972206
839,2023-08-10,2023-08-14,105.2,99.1,7.33,-5.798479087452479
840,2023-08-11,2023-08-14,104.2,97.6,32.59,-6.333973128598856
841,2023-08-14,2023-08-16,102.286,98.3,57.18,-3.8969164890600907
842,2023-08-14,2023-08-16,103.19,98.3,28.32,-4.738831282100979
843,2024-01-02,2024-01-03,121.61,121.505,46.54,-0.0863415837513395
844,2024-01-02,2024-01-03,123.084,120.402,22.97,-2.1789997075168195
845,2024-01-02,2024-01-03,124.13,121.505,11.38,-2.1147184403448
846,2024-01-04,2024-01-05,123.47,117.6,45.39,-4.7541913015307395
847,2024-01-22,2024-01-23,116.5644,122.05,46.91,4.706068061946865
848,2024-01-22,2024-01-23,117.1883,116.17,23.31,-0.8689434013463772
849,2024-01-22,2024-01-23,118.28,122.05,11.54,3.1873520459925566
850,2024-01-29,2024-01-30,118.37,118.78,47.3,0.34637154684463684
851,2024-01-29,2024-01-30,119.5999,118.5001,23.39,-0.9195659862591873
852,2024-01-29,2024-01-30,120.69,118.78,11.59,-1.5825669069516917
853,2024-01-31,2024-02-01,120.6,112.97,46.25,-6.326699834162517
854,2024-02-05,2024-02-07,112.98,113.52,47.78,0.47796070100902105
855,2024-02-05,2024-02-07,114.25,113.3307,23.61,-0.8046389496717784
856,2024-02-05,2024-02-07,115.36,113.52,11.68,-1.5950069348127631
857,2024-02-08,2024-02-13,117.05,117.2139,45.99,0.14002563007261698
858,2024-02-08,2024-02-13,118.18,118.754,22.76,0.4856997799966137
859,2024-02-09,2024-02-13,122.38,117.2139,10.98,-4.221359699297271
860,2024-02-09,2024-02-13,123.38,119.0,5.44,-3.550008105041332
861,2024-02-09,2024-02-13,124.71,117.2139,2.69,-6.010825114265094
862,2024-02-12,2024-02-13,128.8706,118.754,1.3,-7.850200123224376
863,2024-02-15,2024-02-20,130.5499,128.43,40.82,-1.623823534142884
864,2024-02-15,2024-02-20,131.98,128.345,20.17,-2.754205182603418
865,2024-02-16,2024-02-20,132.69,128.43,10.03,-3.2104906172281193
866,2024-02-16,2024-02-20,134.16,127.9354,4.95,-4.639683959451398
867,2024-02-20,2024-02-21,133.1,125.84,2.5,-5.454545454545448
868,2024-02-22,2024-02-27,132.4001,159.7,39.24,20.619244245283785
869,2024-02-22,2024-02-27,133.84,162.0,19.4,21.040047818290493
870,2024-02-22,2024-02-27,134.51,159.7,9.64,18.72723217604639
871,2024-02-26,2024-02-27,139.9825,156.2,4.63,11.585376743521515
872,2024-02-26,2024-02-27,141.31,159.7,2.29,13.013940980822294
873,2024-02-26,2024-02-27,142.28,155.78,1.14,9.488332864773685
874,2024-03-08,2024-03-11,162.754,152.71,38.0,-6.171276896420355
875,2024-03-08,2024-03-11,164.41,154.27,18.79,-6.167508059120483
876,2024-03-13,2024-03-14,144.4016,138.2,40.8,-4.294689255520724
877,2024-03-13,2024-03-14,145.4,137.84,20.25,-5.1994497936726285
878,2024-03-25,2024-03-26,130.85,124.15,43.43,-5.12036683225066
879,2024-03-27,2024-03-28,130.4,133.75,42.43,2.569018404907971
880,2024-03-27,2024-04-01,131.7499,128.87,20.99,-2.1858840120561704
881,2024-04-03,2024-04-04,116.1,119.15,47.96,2.6270456503014743
882,2024-04-03,2024-04-04,117.31,115.0399,23.72,-1.9351291450004255
883,2024-04-09,2024-04-10,116.65,107.21,48.08,-8.092584654950716
884,2024-04-09,2024-04-10,117.47,107.14,23.86,-8.793734570528644
885,2024-04-09,2024-04-10,118.5,107.21,11.82,-9.527426160337559
886,2024-04-10,2024-04-11,110.5,115.6,46.93,4.61538461538461
887,2024-04-10,2024-04-12,111.46,111.27,23.24,-0.17046474071415552
888,2024-04-19,2024-04-22,89.683,86.145,59.07,-3.945006299967676
889,2024-04-19,2024-04-22,90.48,86.0145,29.25,-4.9353448275862135
890,2024-04-26,2024-04-29,87.3779,90.81,58.62,3.9278810774806967
891,2024-04-26,2024-04-30,88.2899,90.4,28.99,2.3899675953874713
892,2024-04-30,2024-05-01,94.77,100.65,55.38,6.204495093383993
893,2024-05-01,2024-05-02,94.37,100.82,27.78,6.834799194659308
894,2024-05-01,2024-05-02,95.4139,100.95,13.73,5.802194439175009
895,2024-05-01,2024-05-02,96.09,100.82,6.81,4.922468519096669
896,2024-05-14,2024-05-15,114.19,117.94,48.58,3.284000350293371
897,2024-05-14,2024-05-16,115.325,115.6101,24.03,0.24721439410362012
898,2024-05-15,2024-05-16,121.7,115.2758,34.9,-5.27871815940838
899,2024-05-21,2024-05-23,117.12,111.5735,47.14,-4.735741120218587
900,2024-05-22,2024-05-23,116.43,111.0,23.69,-4.663746457098691
901,2024-05-22,2024-05-23,117.9326,111.5735,11.69,-5.3921477182729785
902,2024-05-22,2024-05-23,118.85,110.6,5.79,-6.941522928060581
903,2024-05-30,2024-05-31,101.3999,104.44,51.85,2.9981291894765136
904,2024-05-30,2024-05-31,102.15,102.34,25.72,0.18600097895251855
905,2024-05-30,2024-05-31,102.6172,104.44,12.79,1.7763104041037963
906,2024-05-31,2024-06-03,107.0,110.445,37.65,3.2196261682242926
907,2024-06-03,2024-06-04,109.565,109.73,30.38,0.15059553689591226
908,2024-06-03,2024-06-04,110.88,109.8,15.0,-0.9740259740259725
909,2024-06-03,2024-06-04,111.95,109.73,7.42,-1.9830281375614105
910,2024-06-05,2024-06-06,114.85,121.8,46.92,6.051371353939924
911,2024-06-05,2024-06-07,115.7,110.7753,23.27,-4.256439066551427
912,2024-06-05,2024-06-06,116.8,121.8,11.51,4.280821917808219
913,2024-06-10,2024-06-12,110.57,122.96,49.89,11.205571131409968
914,2024-06-10,2024-06-12,111.57,118.09,24.7,5.843864838218169
915,2024-06-20,2024-06-21,105.4509,107.0,55.95,1.4690249206028545
916,2024-06-20,2024-06-24,106.3387,115.6,27.72,8.709246962770836
917,2024-06-21,2024-06-26,110.56,113.4965,40.38,2.6560238784370434
918,2024-06-21,2024-06-24,111.53,115.6,20.0,3.6492423563166803
919,2024-06-21,2024-06-26,112.78,112.39,9.88,-0.34580599397056266
920,2024-06-24,2024-06-26,119.46,113.4965,27.73,-4.992047547296163
921,2024-06-24,2024-06-26,120.32,112.8,13.76,-6.249999999999997
922,2024-06-27,2024-07-01,114.01,113.52,52.8,-0.42978686080169204
923,2024-06-27,2024-07-01,115.07,113.275,26.14,-1.5599200486660187
924,2024-07-01,2024-07-02,115.82,112.21,12.97,-3.116905543084096
925,2024-07-01,2024-07-02,117.0,112.42,6.42,-3.914529914529913
926,2024-07-01,2024-07-02,117.78,112.21,3.19,-4.729156053659371
927,2024-07-05,2024-07-08,108.81,113.19,54.48,4.025365315687892
928,2024-07-05,2024-07-10,109.7799,120.66,26.98,9.91083067118844
929,2024-07-08,2024-07-11,116.05,128.0,39.3,10.297285652735892
930,2024-07-09,2024-07-10,117.05,120.66,19.47,3.084152071764203
931,2024-07-09,2024-07-12,117.85,136.52,9.67,15.842172252863824
932,2024-07-09,2024-07-10,118.71,120.66,4.79,1.6426585797321227
933,2024-07-11,2024-07-16,130.1836,144.0,45.22,10.613011162696367
934,2024-07-11,2024-07-12,131.0699,136.52,22.44,4.1581629344342375
935,2024-07-11,2024-07-17,131.868,142.33,11.15,7.9336912670246145
936,2024-07-12,2024-07-16,140.5927,144.0,20.8,2.423525545778687
937,2024-07-15,2024-07-17,141.04,140.0,10.36,-0.7373794668179184
938,2024-07-15,2024-07-16,142.5801,144.0,5.12,0.9958612737682276
939,2024-07-16,2024-07-17,148.245,142.33,36.99,-3.9900165266956673
940,2024-07-16,2024-07-17,148.9,140.6309,18.4,-5.553458697112162
941,2024-07-16,2024-07-17,150.3,142.33,9.11,-5.302727877578175
942,2024-07-17,2024-07-18,147.09,137.6065,46.04,-6.447413148412531
943,2024-07-17,2024-07-18,148.0,138.4999,22.87,-6.418986486486489
944,2024-07-22,2024-07-26,134.51,144.44,47.87,7.3823507545907425
945,2024-07-22,2024-07-26,135.22,143.77,23.79,6.323029137701532
946,2024-07-23,2024-07-26,137.58,144.44,11.68,4.986189853176323
947,2024-07-23,2024-07-26,138.55,143.95,5.8,3.897509924215068
948,2024-07-23,2024-07-26,139.825,144.44,2.87,3.3005542642589014
949,2024-07-24,2024-07-26,139.744,143.77,1.43,2.880982367758194
950,2024-08-05,2024-08-06,110.0,111.1115,62.13,1.0104545454545515
951,2024-08-05,2024-08-06,111.57,116.28,30.61,4.221564936810978
952,2024-08-05,2024-08-06,113.37,111.1115,15.05,-1.9921495986592554
953,2024-08-12,2024-08-15,122.42,126.63,56.49,3.4389805587322284
954,2024-08-19,2024-08-21,130.76,141.27,53.76,8.037626185377807
955,2024-08-19,2024-08-22,131.85,137.99,26.64,4.656806977626101
956,2024-08-19,2024-08-21,132.38,141.27,13.25,6.715515938963601
957,2024-08-21,2024-08-22,144.28,138.01,38.86,-4.345716662046028
958,2024-08-21,2024-08-22,145.33,137.99,19.28,-5.05057455446226
959,2024-08-23,2024-08-26,143.72,144.11,50.41,0.27136097968272666
960,2024-08-29,2024-08-30,142.27,138.1,50.96,-2.9310466015323087
961,2024-08-29,2024-08-30,143.096,138.0701,25.31,-3.512257505450891
962,2024-08-29,2024-08-30,143.94,138.1,12.58,-4.057246074753372
963,2024-09-03,2024-09-04,143.68,126.71,48.96,-11.810968819599116
964,2024-09-11,2024-09-16,128.58,141.0,51.44,9.65935604293046
965,2024-09-11,2024-09-17,129.6099,136.5176,25.5,5.329608309241792
966,2024-09-11,2024-09-16,130.7386,141.0,12.63,7.848791405139729
967,2024-09-13,2024-09-17,135.295,136.7601,6.1,1.0828929376547594
968,2024-09-13,2024-09-16,136.55,141.0,3.02,3.258879531307205
969,2024-09-13,2024-09-17,137.93,136.5176,1.49,-1.0239976799826138
970,2024-09-17,2024-09-18,143.8,136.7351,33.59,-4.9130041724617675
971,2024-09-18,2024-09-20,143.565,140.18,48.52,-2.3578170166823327
972,2024-09-18,2024-09-20,145.08,140.1201,23.99,-3.4187344913151394
973,2024-09-30,2024-10-01,127.55,125.0314,53.45,-1.9745981967855681
974,2024-09-30,2024-10-01,128.59,124.75,26.49,-2.9862353215646653
975,2024-09-30,2024-10-01,129.24,125.0314,13.16,-3.256422160321885
976,2024-10-08,2024-10-09,123.1,117.52,54.13,-4.532900081234768
977,2024-10-11,2024-10-21,120.3,127.12,54.09,5.669160432252708
978,2024-10-11,2024-10-21,121.01,127.25,26.87,5.1565986282125404
979,2024-10-11,2024-10-21,121.63,127.12,13.36,4.513689056976083
980,2024-10-15,2024-10-21,130.51,126.88,6.22,-2.7813960616044713
981,2024-10-15,2024-10-21,131.33,127.12,3.09,-3.205665118404026
982,2024-10-16,2024-10-21,133.31,127.25,1.52,-4.545795514214989
983,2024-10-24,2024-10-25,124.36,120.21,54.52,-3.3370858797040897
984,2024-10-25,2024-10-29,124.82,122.45,27.14,-1.8987341772151822
985,2024-10-25,2024-10-29,125.59,122.23,13.48,-2.6753722430129785
986,2024-10-25,2024-10-29,126.49,122.45,6.69,-3.1939283737844826
987,2024-10-28,2024-10-29,127.15,122.35,29.08,-3.7750688163586408
988,2024-10-28,2024-10-29,128.2001,122.45,14.41,-4.485253911658408
989,2024-10-30,2024-10-31,126.685,121.55,51.11,-4.053360697793744
990,2024-10-30,2024-10-31,127.11,121.85,25.46,-4.1381480607348005
991,2024-10-30,2024-10-31,127.9034,121.55,12.64,-4.967342541324162
992,2024-11-01,2024-11-05,124.35,124.1,50.1,-0.20104543626859672
993,2024-11-01,2024-11-05,125.41,123.9117,24.82,-1.1947213140897859
994,2024-11-01,2024-11-05,125.9,124.1,12.35,-1.4297061159650606
995,2024-11-04,2024-11-05,129.18,123.86,6.01,-4.118284564174026
996,2024-11-04,2024-11-05,130.4,124.1,2.98,-4.83128834355829
997,2024-11-05,2024-11-06,129.44,140.67,47.59,8.67583436341161
998,2024-11-05,2024-11-06,130.85,133.41,23.52,1.9564386702330934
999,2024-11-05,2024-11-06,132.748,140.67,11.58,5.967698195076383
1000,2024-11-08,2024-11-11,143.78,150.0,45.17,4.3260536931423
1001,2024-11-08,2024-11-11,144.78,144.87,22.42,0.062163282221303635
1002,2024-11-08,2024-11-11,145.83,150.0,11.12,2.8594939312898493
1003,2024-11-19,2024-11-20,99.78,103.53,66.66,3.7582681900180397
1004,2024-11-19,2024-11-21,100.63,106.55,33.03,5.882937493789131
1005,2024-11-19,2024-11-20,101.5668,103.53,16.35,1.93291508642588
1006,2024-11-21,2024-11-25,109.43,118.12,62.89,7.941149593347342
1007,2024-11-21,2024-11-26,110.59,116.76,31.09,5.57916628989963
1008,2024-11-26,2024-11-27,121.33,123.85,59.7,2.0769801368169425
1009,2024-11-26,2024-12-03,122.28,121.0446,29.6,-1.0103042198233552
1010,2024-11-27,2024-12-03,127.47,120.69,43.17,-5.318898564368087
1011,2024-12-04,2024-12-05,121.68,118.0642,58.7,-2.971564760026304
1012,2024-12-04,2024-12-05,122.72,118.13,29.08,-3.740221642764018
1013,2024-12-04,2024-12-05,124.04,118.0642,14.38,-4.817639471138348
1014,2024-12-06,2024-12-09,120.9575,119.01,57.2,-1.6100696525639095
1015,2024-12-06,2024-12-09,122.13,119.145,28.3,-2.444116924588553
1016,2024-12-06,2024-12-09,123.305,119.01,14.01,-3.4832326345241484
1017,2024-12-16,2024-12-18,105.63,103.4042,64.21,-2.1071665246615474
1018,2024-12-16,2024-12-18,106.646,103.36,31.77,-3.0812219867599357
1019,2024-12-16,2024-12-18,107.595,103.4042,15.74,-3.8949765323667416
1020,2024-12-20,0,91.6207,0.0,72.23,-100.0
1021,2024-12-20,0,92.5,0.0,35.74,-100.0
1022,2024-12-20,0,93.63,0.0,17.65,-100.0
