,Day,Cash,Portfolio,Total,Open,Close,High,Low,Signal,Target price,Tag,MDD
0,2023-04-17,10000.0,0.0,10000.0,11300,11560,11560,11300,0.0,11560,0,0
1,2023-04-18,10000.0,0.0,10000.0,11640,11595,11650,11465,0.0,11595,0,0
2,2023-04-19,10000.0,0.0,10000.0,11670,11785,11825,11625,0.0,11785,0,0
3,2023-04-20,10000.0,0.0,10000.0,11885,12175,12540,11850,0.0,12175,0,0
4,2023-04-21,10000.0,0.0,10000.0,12230,12105,12235,11785,0.0,12105,0,0
5,2023-04-24,10000.0,0.0,10000.0,12255,12325,12720,12225,0.0,12325,0,0
6,2023-04-25,10000.0,0.0,10000.0,12560,12650,12855,12325,0.0,12650,0,0
7,2023-04-26,10000.0,0.0,10000.0,12575,12090,12575,11850,0.0,12090,0,0
8,2023-04-27,10000.0,0.0,10000.0,12005,12340,12475,11770,0.0,12340,0,0
9,2023-04-28,10000.0,0.0,10000.0,12375,11700,12405,11605,0.0,11700,0,0
10,2023-05-02,10000.0,0.0,10000.0,11690,11995,12040,11600,0.0,11995,0,0
11,2023-05-03,10000.0,0.0,10000.0,11970,11960,12270,11935,0.0,11960,0,0
12,2023-05-04,10000.0,0.0,10000.0,11985,11800,12100,11735,0.0,11800,0,0
13,2023-05-08,10000.0,0.0,10000.0,11975,11880,12100,11860,0.0,11880,0,0
14,2023-05-09,10000.0,0.0,10000.0,11910,11540,11910,11465,0.0,11540,0,0
15,2023-05-10,10000.0,0.0,10000.0,11630,11535,11770,11490,0.0,11535,0,0
16,2023-05-11,10000.0,0.0,10000.0,11615,11830,11895,11605,0.0,11830,0,0
17,2023-05-12,10000.0,0.0,10000.0,11855,11580,11860,11470,0.0,11580,0,0
18,2023-05-15,10000.0,0.0,10000.0,11525,11510,11645,11440,0.0,11510,0,0
19,2023-05-16,10000.0,0.0,10000.0,11520,11515,11565,11430,0.0,11515,0,0
20,2023-05-17,10000.0,0.0,10000.0,11515,11445,11570,11355,0.0,11445,0,0
21,2023-05-18,10000.0,0.0,10000.0,11575,11570,11645,11530,0.0,11570,0,0
22,2023-05-19,10000.0,0.0,10000.0,11695,11765,11785,11580,0.0,11765,0,0
23,2023-05-22,10000.0,0.0,10000.0,11875,12040,12105,11865,0.0,12040,0,0
24,2023-05-23,10000.0,0.0,10000.0,12135,11970,12135,11870,0.0,11970,0,0
25,2023-05-24,10000.0,0.0,10000.0,12030,11915,12030,11825,0.0,11915,0,0
26,2023-05-25,10000.0,0.0,10000.0,11850,11805,11875,11725,0.0,11805,0,0
27,2023-05-26,10000.0,0.0,10000.0,11850,11600,11920,11550,0.0,11600,0,0
28,2023-05-30,10000.0,0.0,10000.0,11760,11590,11760,11520,0.0,11590,0,0
29,2023-05-31,10000.0,0.0,10000.0,11660,11625,11700,11575,0.0,11625,0,0
30,2023-06-01,10000.0,0.0,10000.0,11680,11685,11855,11630,0.0,11685,0,0
31,2023-06-02,10000.0,0.0,10000.0,11745,11965,11985,11700,0.0,11965,0,0
32,2023-06-05,10000.0,0.0,10000.0,12055,11890,12100,11850,0.0,11890,0,0
33,2023-06-07,10000.0,0.0,10000.0,11880,11865,12010,11865,0.0,11865,0,0
34,2023-06-08,10000.0,0.0,10000.0,11900,11900,11965,11850,0.0,11900,0,0
35,2023-06-09,10000.0,0.0,10000.0,12000,11885,12000,11800,0.0,11885,0,0
36,2023-06-12,10000.0,0.0,10000.0,11855,11960,12080,11855,0.0,11960,0,0
37,2023-06-13,10000.0,0.0,10000.0,11960,11870,12025,11750,0.0,11870,0,0
38,2023-06-14,10000.0,0.0,10000.0,11900,11970,12080,11875,0.0,11970,0,0
39,2023-06-15,10000.0,0.0,10000.0,12015,11920,12035,11800,0.0,11920,0,0
40,2023-06-16,10000.0,0.0,10000.0,12030,12295,12310,11990,0.0,12295,0,0
41,2023-06-19,10000.0,0.0,10000.0,12370,13390,13420,12315,0.0,13390,0,0
42,2023-06-20,10000.0,0.0,10000.0,13415,13525,13560,13240,0.0,13525,0,0
43,2023-06-21,10000.0,0.0,10000.0,13500,13200,13620,13165,0.0,13200,0,0
44,2023-06-22,10000.0,0.0,10000.0,13180,13210,13415,13100,0.0,13210,0,0
45,2023-06-23,10000.0,0.0,10000.0,13210,12930,13210,12880,0.0,12930,0,0
46,2023-06-26,10000.0,0.0,10000.0,12915,12840,12915,12685,0.0,12840,0,0
47,2023-06-27,10000.0,0.0,10000.0,12750,12700,12925,12650,0.0,12700,0,0
48,2023-06-28,10000.0,0.0,10000.0,12715,12505,12800,12500,0.0,12505,0,0
49,2023-06-29,10000.0,0.0,10000.0,12585,12535,12775,12455,0.0,12535,0,0
50,2023-06-30,10000.0,0.0,10000.0,12605,12740,12860,12545,0.0,12740,0,0
51,2023-07-03,10000.0,0.0,10000.0,12810,12750,12810,12545,0.0,12750,0,0
52,2023-07-04,10000.0,0.0,10000.0,12770,12960,12960,12625,0.0,12960,0,0
53,2023-07-05,10000.0,0.0,10000.0,12960,13100,13180,12820,0.0,13100,0,0
54,2023-07-06,10000.0,0.0,10000.0,13130,12835,13150,12830,0.0,12835,0,0
55,2023-07-07,10000.0,0.0,10000.0,12845,12865,12915,12705,0.0,12865,0,0
56,2023-07-10,10000.0,0.0,10000.0,13060,12815,13085,12760,0.0,12815,0,0
57,2023-07-11,10000.0,0.0,10000.0,12885,13390,13445,12790,0.0,13390,0,0
58,2023-07-12,10000.0,0.0,10000.0,13465,13385,13470,13210,0.0,13385,0,0
59,2023-07-13,10000.0,0.0,10000.0,13445,13490,13510,13260,0.0,13490,0,0
60,2023-07-14,10000.0,0.0,10000.0,13565,13120,13565,13110,0.0,13120,0,0
61,2023-07-17,10000.0,0.0,10000.0,13070,12610,13070,12535,0.0,12610,0,0
62,2023-07-18,10000.0,0.0,10000.0,12600,12445,12610,12400,0.0,12445,0,0
63,2023-07-19,10000.0,0.0,10000.0,12445,12385,12570,12310,0.0,12385,0,0
64,2023-07-20,10000.0,0.0,10000.0,12360,12420,12485,12285,0.0,12420,0,0
65,2023-07-21,10000.0,0.0,10000.0,12410,12320,12410,12190,0.0,12320,0,0
66,2023-07-24,10000.0,0.0,10000.0,12320,12225,12390,12135,0.0,12225,0,0
67,2023-07-25,10000.0,0.0,10000.0,12225,12555,12615,12210,0.0,12555,0,0
68,2023-07-26,10000.0,0.0,10000.0,12655,11935,12670,11820,0.0,11935,0,0
69,2023-07-27,10000.0,0.0,10000.0,12380,11760,12995,11760,-1.0,11760,0,0
70,2023-07-28,10000.0,0.0,10000.0,11850,11550,11850,11495,0.0,11550,0,0
71,2023-07-31,10000.0,0.0,10000.0,11645,11900,11990,11600,0.0,11900,0,0
72,2023-08-01,10000.0,0.0,10000.0,11910,11885,11960,11750,0.0,11885,0,0
73,2023-08-02,10000.0,0.0,10000.0,11905,11800,12180,11705,0.0,11800,0,0
74,2023-08-03,10000.0,0.0,10000.0,11790,11605,11800,11550,0.0,11605,0,0
75,2023-08-04,10000.0,0.0,10000.0,11610,11605,11745,11585,0.0,11605,0,0
76,2023-08-07,10000.0,0.0,10000.0,11700,11650,11780,11470,0.0,11650,0,0
77,2023-08-08,10000.0,0.0,10000.0,11650,11445,11650,11440,0.0,11445,0,0
78,2023-08-09,10000.0,0.0,10000.0,11445,11485,11490,11310,0.0,11485,0,0
79,2023-08-10,10000.0,0.0,10000.0,11480,11190,11485,11190,0.0,11190,0,0
80,2023-08-11,10000.0,0.0,10000.0,11190,11505,11530,11190,0.0,11505,0,0
81,2023-08-14,10000.0,0.0,10000.0,11505,11200,11505,11120,0.0,11200,0,0
82,2023-08-16,10000.0,0.0,10000.0,11120,10880,11130,10865,0.0,10880,0,0
83,2023-08-17,10000.0,0.0,10000.0,10805,10805,10900,10610,0.0,10805,0,0
84,2023-08-18,10000.0,0.0,10000.0,10710,10750,10885,10690,0.0,10750,0,0
85,2023-08-21,10000.0,0.0,10000.0,10750,10895,10975,10750,0.0,10895,0,0
86,2023-08-22,10000.0,0.0,10000.0,10905,10885,10970,10640,0.0,10885,0,0
87,2023-08-23,10000.0,0.0,10000.0,10860,11045,11070,10860,0.0,11045,0,0
88,2023-08-24,10000.0,0.0,10000.0,11060,10995,11135,10845,0.0,10995,0,0
89,2023-08-25,10000.0,0.0,10000.0,10945,10930,11030,10865,0.0,10930,0,0
90,2023-08-28,10000.0,0.0,10000.0,11000,11150,11150,10960,0.0,11150,0,0
91,2023-08-29,10000.0,0.0,10000.0,11160,11335,11360,11095,0.0,11335,0,0
92,2023-08-30,10000.0,0.0,10000.0,11480,11350,11480,11290,0.0,11350,0,0
93,2023-08-31,10000.0,0.0,10000.0,11400,11400,11440,11310,0.0,11400,0,0
94,2023-09-01,10000.0,0.0,10000.0,11445,11370,11600,11370,0.0,11370,0,0
95,2023-09-04,10000.0,0.0,10000.0,11470,11405,11510,11375,0.0,11405,0,0
96,2023-09-05,10000.0,0.0,10000.0,11470,11365,11470,11305,0.0,11365,0,0
97,2023-09-06,10000.0,0.0,10000.0,11365,11610,11715,11340,0.0,11610,0,0
98,2023-09-07,10000.0,0.0,10000.0,11620,11255,11650,11230,0.0,11255,0,0
99,2023-09-08,10000.0,0.0,10000.0,11325,11410,11540,11270,0.0,11410,0,0
100,2023-09-11,10000.0,0.0,10000.0,11480,11600,11695,11420,0.0,11600,0,0
101,2023-09-12,10000.0,0.0,10000.0,11625,11315,11715,11300,0.0,11315,0,0
102,2023-09-13,10000.0,0.0,10000.0,11295,11130,11335,11130,0.0,11130,0,0
103,2023-09-14,10000.0,0.0,10000.0,11125,11215,11240,11125,0.0,11215,0,0
104,2023-09-15,10000.0,0.0,10000.0,11300,11270,11440,11265,0.0,11270,0,0
105,2023-09-18,10000.0,0.0,10000.0,11325,11245,11365,11230,0.0,11245,0,0
106,2023-09-19,10000.0,0.0,10000.0,11215,11080,11280,11075,0.0,11080,0,0
107,2023-09-20,10000.0,0.0,10000.0,11025,11075,11135,10985,0.0,11075,0,0
108,2023-09-21,10000.0,0.0,10000.0,11000,11000,11205,11000,0.0,11000,0,0
109,2023-09-22,10000.0,0.0,10000.0,10955,10835,10955,10715,0.0,10835,0,0
110,2023-09-25,10000.0,0.0,10000.0,10840,10655,10915,10655,0.0,10655,0,0
111,2023-09-26,10000.0,0.0,10000.0,10700,10605,10800,10600,0.0,10605,0,0
112,2023-09-27,10000.0,0.0,10000.0,10465,10720,10720,10430,0.0,10720,0,0
113,2023-10-04,10000.0,0.0,10000.0,10700,10345,10700,10310,0.0,10345,0,0
114,2023-10-05,10000.0,0.0,10000.0,10420,10290,10495,10290,0.0,10290,0,0
115,2023-10-06,10000.0,0.0,10000.0,10340,10370,10380,10275,0.0,10370,0,0
116,2023-10-10,10000.0,0.0,10000.0,10995,10785,11120,10675,0.0,10785,0,0
117,2023-10-11,10000.0,0.0,10000.0,10775,10880,10920,10500,0.0,10880,0,0
118,2023-10-12,10000.0,0.0,10000.0,10965,10935,11035,10790,0.0,10935,0,0
119,2023-10-13,10000.0,0.0,10000.0,10845,10925,10945,10710,0.0,10925,0,0
120,2023-10-16,10000.0,0.0,10000.0,11000,10700,11160,10675,0.0,10700,0,0
121,2023-10-17,10000.0,0.0,10000.0,10695,10690,10865,10625,0.0,10690,0,0
122,2023-10-18,10000.0,0.0,10000.0,10770,10690,10830,10610,0.0,10690,0,0
123,2023-10-19,10000.0,0.0,10000.0,10640,10345,10640,10345,0.0,10345,0,0
124,2023-10-20,10000.0,0.0,10000.0,10300,10165,10390,10135,0.0,10165,0,0
125,2023-10-23,10000.0,0.0,10000.0,10055,10515,10565,10055,0.0,10515,0,0
126,2023-10-24,10000.0,0.0,10000.0,10605,10360,10605,10115,0.0,10360,0,0
127,2023-10-25,10000.0,0.0,10000.0,10425,10495,10620,10325,0.0,10495,0,0
128,2023-10-26,10000.0,0.0,10000.0,10385,10220,10480,10195,0.0,10220,0,0
129,2023-10-27,10000.0,0.0,10000.0,10185,10020,10185,10000,0.0,10020,0,0
130,2023-10-30,10000.0,0.0,10000.0,10045,10445,10485,10030,0.0,10445,0,0
131,2023-10-31,10000.0,0.0,10000.0,10450,10015,10540,9940,0.0,10015,0,0
132,2023-11-01,10000.0,0.0,10000.0,10100,10460,10535,10100,0.0,10460,0,0
133,2023-11-02,10000.0,0.0,10000.0,10565,10620,10715,10510,0.0,10620,0,0
134,2023-11-03,10000.0,0.0,10000.0,10720,10900,10915,10710,0.0,10900,0,0
135,2023-11-06,10000.0,0.0,10000.0,11165,11075,11165,10900,0.0,11075,0,0
136,2023-11-07,10000.0,0.0,10000.0,11075,11165,11240,11045,0.0,11165,0,0
137,2023-11-08,10000.0,0.0,10000.0,11230,10975,11240,10950,0.0,10975,0,0
138,2023-11-09,10000.0,0.0,10000.0,10990,11070,11145,10920,0.0,11070,0,0
139,2023-11-10,10000.0,0.0,10000.0,11015,11170,11195,10920,0.0,11170,0,0
140,2023-11-13,9.639999999999418,9990.0,9999.64,11205,11100,11330,11065,1.0,11100,0,0
141,2023-11-14,9.639999999999418,10125.0,10134.64,11115,11250,11280,11105,0.0,11250,0,0
142,2023-11-15,9.639999999999418,10215.0,10224.64,11300,11350,11375,11240,0.0,11350,0,0
143,2023-11-16,9.639999999999418,9999.0,10008.64,11320,11110,11320,11000,0.0,11110,0,0
144,2023-11-17,9.639999999999418,9931.5,9941.14,11110,11035,11110,10975,0.0,11035,0,0
145,2023-11-20,9.639999999999418,10030.5,10040.14,11085,11145,11160,11005,0.0,11145,0,0
146,2023-11-21,9.639999999999418,9972.0,9981.64,11220,11080,11220,11070,0.0,11080,0,0
147,2023-11-22,9.639999999999418,10066.5,10076.14,11080,11185,11240,11025,0.0,11185,0,0
148,2023-11-23,9.639999999999418,10147.5,10157.14,11390,11275,11395,11250,0.0,11275,0,0
149,2023-11-24,9.639999999999418,10066.5,10076.14,11320,11185,11330,11155,0.0,11185,0,0
150,2023-11-27,9.639999999999418,9981.0,9990.64,11185,11090,11220,11055,0.0,11090,0,0
151,2023-11-28,9.639999999999418,10053.0,10062.64,11170,11170,11185,11060,0.0,11170,0,0
152,2023-11-29,9.639999999999418,10161.0,10170.64,11170,11290,11395,11065,0.0,11290,0,0
153,2023-11-30,9.639999999999418,10323.0,10332.64,11350,11470,11480,11320,0.0,11470,0,0
154,2023-12-01,9.639999999999418,10737.0,10746.64,11430,11930,12035,11430,0.0,11930,0,0
155,2023-12-04,9.639999999999418,10840.5,10850.14,11970,12045,12160,11825,0.0,12045,0,0
156,2023-12-05,9.639999999999418,10710.0,10719.64,12050,11900,12190,11880,0.0,11900,0,0
157,2023-12-06,9.639999999999418,10836.0,10845.64,11890,12040,12055,11850,0.0,12040,0,0
158,2023-12-07,9.639999999999418,10651.5,10661.14,12050,11835,12155,11835,0.0,11835,0,0
159,2023-12-08,9.639999999999418,10602.0,10611.64,11840,11780,11880,11650,0.0,11780,0,0
160,2023-12-11,9.639999999999418,10894.5,10904.14,12140,12105,12375,11920,0.0,12105,0,0
161,2023-12-12,9.639999999999418,10890.0,10899.64,11900,12100,12165,11810,0.0,12100,0,0
162,2023-12-13,9.639999999999418,10633.5,10643.14,12000,11815,12170,11795,0.0,11815,0,0
163,2023-12-14,9.639999999999418,10656.0,10665.64,11945,11840,12000,11810,0.0,11840,0,0
164,2023-12-15,9.639999999999418,10741.5,10751.14,11840,11935,12030,11840,0.0,11935,0,0
165,2023-12-18,9.639999999999418,10809.0,10818.64,12010,12010,12020,11860,0.0,12010,0,0
166,2023-12-19,9.639999999999418,10710.0,10719.64,11965,11900,11975,11860,0.0,11900,0,0
167,2023-12-20,9.639999999999418,10840.5,10850.14,11870,12045,12050,11870,0.0,12045,0,0
168,2023-12-21,9.639999999999418,10759.5,10769.14,12000,11955,12035,11870,0.0,11955,0,0
169,2023-12-22,9.639999999999418,10791.0,10800.64,11960,11990,12125,11925,0.0,11990,0,0
170,2023-12-26,9.639999999999418,10624.5,10634.14,11995,11805,12040,11795,0.0,11805,0,0
171,2023-12-27,9.639999999999418,10773.0,10782.64,11840,11970,12005,11820,0.0,11970,0,0
172,2023-12-28,9.639999999999418,10908.0,10917.64,12050,12120,12120,11990,0.0,12120,0,0
173,2024-01-02,9.639999999999418,11056.5,11066.14,12180,12285,12285,12125,0.0,12285,0,0
174,2024-01-03,9.639999999999418,11295.0,11304.64,12260,12550,12590,12120,0.0,12550,0,0
175,2024-01-04,9.639999999999418,11187.0,11196.64,12580,12430,12735,12330,0.0,12430,0,0
176,2024-01-05,9.639999999999418,11092.5,11102.14,12510,12325,12765,12240,0.0,12325,0,0
177,2024-01-08,9.639999999999418,10953.0,10962.64,12325,12170,12350,12120,0.0,12170,0,0
178,2024-01-09,9.639999999999418,10926.0,10935.64,12105,12140,12230,12085,0.0,12140,0,0
179,2024-01-10,9.639999999999418,11110.5,11120.14,12165,12345,12450,12165,0.0,12345,0,0
180,2024-01-11,9.639999999999418,11106.0,11115.64,12300,12340,12560,12285,0.0,12340,0,0
181,2024-01-12,9.639999999999418,11101.5,11111.14,12285,12335,12620,12275,0.0,12335,0,0
182,2024-01-15,9.639999999999418,11079.0,11088.64,12395,12310,12465,12200,0.0,12310,0,0
183,2024-01-16,9.639999999999418,10953.0,10962.64,12310,12170,12310,12110,0.0,12170,0,0
184,2024-01-17,9.639999999999418,10669.5,10679.14,12195,11855,12195,11785,0.0,11855,0,0
185,2024-01-18,9.639999999999418,10926.0,10935.64,11890,12140,12225,11890,0.0,12140,0,0
186,2024-01-19,9.639999999999418,11047.5,11057.14,12275,12275,12370,12090,0.0,12275,0,0
187,2024-01-22,9.639999999999418,11205.0,11214.64,12340,12450,12475,12250,0.0,12450,0,0
188,2024-01-23,9.639999999999418,11038.5,11048.14,12505,12265,12505,12260,0.0,12265,0,0
189,2024-01-24,9.639999999999418,10935.0,10944.64,12310,12150,12355,12105,0.0,12150,0,0
190,2024-01-25,9.639999999999418,10935.0,10944.64,12150,12150,12275,12045,0.0,12150,0,0
191,2024-01-26,9.639999999999418,10917.0,10926.64,12170,12130,12265,12080,0.0,12130,0,0
192,2024-01-29,9.639999999999418,10687.5,10697.14,12160,11875,12225,11810,0.0,11875,0,0
193,2024-01-30,9.639999999999418,10530.0,10539.64,11830,11700,11950,11670,0.0,11700,0,0
194,2024-01-31,9.639999999999418,10687.5,10697.14,11700,11875,11970,11695,0.0,11875,0,0
195,2024-02-01,9.639999999999418,10660.5,10670.14,11845,11845,12000,11775,0.0,11845,0,0
196,2024-02-02,9.639999999999418,10710.0,10719.64,11845,11900,12015,11840,0.0,11900,0,0
197,2024-02-05,9.639999999999418,10701.0,10710.64,11960,11890,11990,11750,0.0,11890,0,0
198,2024-02-06,9.639999999999418,10656.0,10665.64,11865,11840,11890,11695,0.0,11840,0,0
199,2024-02-07,9.639999999999418,10836.0,10845.64,11915,12040,12080,11915,0.0,12040,0,0
200,2024-02-08,9.639999999999418,10908.0,10917.64,12040,12120,12220,12040,0.0,12120,0,0
201,2024-02-13,9.639999999999418,11065.5,11075.14,12290,12295,12340,12205,0.0,12295,0,0
202,2024-02-14,9.639999999999418,11371.5,11381.14,12230,12635,12860,12115,0.0,12635,0,0
203,2024-02-15,9.639999999999418,11232.0,11241.64,12770,12480,12770,12415,0.0,12480,0,0
204,2024-02-16,9.639999999999418,11151.0,11160.64,12565,12390,12565,12350,0.0,12390,0,0
205,2024-02-19,9.639999999999418,11511.0,11520.64,12420,12790,12830,12420,0.0,12790,0,0
206,2024-02-20,9.639999999999418,11502.0,11511.64,12870,12780,13040,12675,0.0,12780,0,0
207,2024-02-21,9.639999999999418,11596.5,11606.14,12875,12885,12905,12650,0.0,12885,0,0
208,2024-02-22,9.639999999999418,11884.5,11894.14,12920,13205,13290,12910,0.0,13205,0,0
209,2024-02-23,9.639999999999418,11713.5,11723.14,13320,13015,13320,12865,0.0,13015,0,0
210,2024-02-26,9.639999999999418,11992.5,12002.14,12990,13325,13345,12990,0.0,13325,0,0
211,2024-02-27,9.639999999999418,12285.0,12294.64,13325,13650,13965,13325,0.0,13650,0,0
212,2024-02-28,9.639999999999418,12658.5,12668.14,13650,14065,14095,13650,0.0,14065,0,0
213,2024-02-29,9.639999999999418,12424.5,12434.14,14065,13805,14320,13790,0.0,13805,0,0
214,2024-03-04,9.639999999999418,12321.0,12330.64,13980,13690,13980,13610,0.0,13690,0,0
215,2024-03-05,9.639999999999418,12285.0,12294.64,13540,13650,13865,13540,0.0,13650,0,0
216,2024-03-06,9.639999999999418,12892.5,12902.14,13610,14325,14365,13610,0.0,14325,0,0
217,2024-03-07,9.639999999999418,12897.0,12906.64,14385,14330,14635,14125,0.0,14330,0,0
218,2024-03-08,9.639999999999418,13036.5,13046.14,14450,14485,14580,14280,0.0,14485,0,0
219,2024-03-11,9.639999999999418,12910.5,12920.14,14485,14345,14720,14305,0.0,14345,0,0
220,2024-03-12,9.639999999999418,12537.0,12546.64,14330,13930,14420,13815,0.0,13930,0,0
221,2024-03-13,9.639999999999418,12492.0,12501.64,13960,13880,14115,13715,0.0,13880,0,0
222,2024-03-14,9.639999999999418,12645.0,12654.64,13970,14050,14205,13960,0.0,14050,0,0
223,2024-03-15,9.639999999999418,12510.0,12519.64,14110,13900,14200,13870,0.0,13900,0,0
224,2024-03-18,9.639999999999418,12802.5,12812.14,14020,14225,14280,14020,0.0,14225,0,0
225,2024-03-19,9.639999999999418,12852.0,12861.64,14320,14280,14435,14145,0.0,14280,0,0
226,2024-03-20,9.639999999999418,12870.0,12879.64,14360,14300,14405,14200,0.0,14300,0,0
227,2024-03-21,9.639999999999418,13032.0,13041.64,14310,14480,14520,14240,0.0,14480,0,0
228,2024-03-22,9.639999999999418,13293.0,13302.64,14535,14770,15160,14530,0.0,14770,0,0
229,2024-03-25,9.639999999999418,13270.5,13280.14,14940,14745,15125,14660,0.0,14745,0,0
230,2024-03-26,9.639999999999418,13554.0,13563.64,14855,15060,15125,14825,0.0,15060,0,0
231,2024-03-27,9.639999999999418,13707.0,13716.64,15325,15230,15325,14915,0.0,15230,0,0
232,2024-03-28,9.639999999999418,13338.0,13347.64,15220,14820,15220,14785,0.0,14820,0,0
233,2024-03-29,9.639999999999418,13441.5,13451.14,14760,14935,15100,14760,0.0,14935,0,0
234,2024-04-01,9.639999999999418,13662.0,13671.64,15025,15180,15250,14900,0.0,15180,0,0
235,2024-04-02,9.639999999999418,14278.5,14288.14,15305,15865,15890,14870,0.0,15865,0,0
236,2024-04-03,9.639999999999418,13896.0,13905.64,15830,15440,15830,15085,0.0,15440,0,0
237,2024-04-04,9.639999999999418,14004.0,14013.64,15450,15560,15560,15145,0.0,15560,0,0
238,2024-04-05,9.639999999999418,13414.5,13424.14,15545,14905,15620,14865,0.0,14905,0,0
239,2024-04-08,9.639999999999418,13446.0,13455.64,14905,14940,15175,14805,0.0,14940,0,0
240,2024-04-09,9.639999999999418,13581.0,13590.64,14940,15090,15350,14810,0.0,15090,0,0
241,2024-04-11,9.639999999999418,13671.0,13680.64,14900,15190,15210,14845,0.0,15190,0,0
242,2024-04-12,9.639999999999418,13815.0,13824.64,15290,15350,15440,15130,0.0,15350,0,0
243,2024-04-15,9.639999999999418,13662.0,13671.64,15480,15180,15595,15070,0.0,15180,0,0
244,2024-04-16,9.639999999999418,13482.0,13491.64,15180,14980,15400,14845,0.0,14980,0,0
245,2024-04-17,9.639999999999418,13666.5,13676.14,14980,15185,15340,14865,0.0,15185,0,0
246,2024-04-18,9.639999999999418,14125.5,14135.14,15235,15695,15770,15145,0.0,15695,0,0
247,2024-04-19,9.639999999999418,14260.5,14270.14,15750,15845,16045,15525,0.0,15845,0,0
248,2024-04-22,9.639999999999418,13999.5,14009.14,16000,15555,16010,15380,0.0,15555,0,0
249,2024-04-23,9.639999999999418,14589.0,14598.64,15645,16210,16235,15630,0.0,16210,0,0
250,2024-04-24,9.639999999999418,14769.0,14778.64,16225,16410,16510,16090,0.0,16410,0,0
251,2024-04-25,9.639999999999418,14688.0,14697.64,16375,16320,16550,16190,0.0,16320,0,0
252,2024-04-26,9.639999999999418,14539.5,14549.14,16400,16155,16485,16075,0.0,16155,0,0
253,2024-04-29,9.639999999999418,14634.0,14643.64,16155,16260,16290,16000,0.0,16260,0,0
254,2024-04-30,9.639999999999418,13963.5,13973.14,16150,15515,16300,15510,0.0,15515,0,0
255,2024-05-02,9.639999999999418,14418.0,14427.64,15650,16020,16130,15545,0.0,16020,0,0
256,2024-05-03,9.639999999999418,14242.5,14252.14,16195,15825,16195,15755,0.0,15825,0,0
257,2024-05-07,9.639999999999418,14305.5,14315.14,15810,15895,15980,15550,0.0,15895,0,0
258,2024-05-08,9.639999999999418,14314.5,14324.14,15900,15905,15970,15700,0.0,15905,0,0
259,2024-05-09,9.639999999999418,14184.0,14193.64,15905,15760,15905,15720,0.0,15760,0,0
260,2024-05-10,9.639999999999418,14224.5,14234.14,15840,15805,16060,15735,0.0,15805,0,0
261,2024-05-13,9.639999999999418,14418.0,14427.64,15870,16020,16145,15795,0.0,16020,0,0
262,2024-05-14,9.639999999999418,14350.5,14360.14,16145,15945,16145,15895,0.0,15945,0,0
263,2024-05-16,9.639999999999418,14368.5,14378.14,16050,15965,16140,15870,0.0,15965,0,0
264,2024-05-17,9.639999999999418,13968.0,13977.64,15955,15520,15960,15465,0.0,15520,0,0
265,2024-05-20,9.639999999999418,14080.5,14090.14,15440,15645,15715,15345,0.0,15645,0,0
266,2024-05-21,9.639999999999418,13959.0,13968.64,15625,15510,15735,15480,0.0,15510,0,0
267,2024-05-22,9.639999999999418,13653.0,13662.64,15510,15170,15570,15130,0.0,15170,0,0
268,2024-05-23,9.639999999999418,13657.5,13667.14,15120,15175,15185,14865,0.0,15175,0,0
269,2024-05-24,9.639999999999418,13761.0,13770.64,15040,15290,15375,14930,0.0,15290,0,0
270,2024-05-27,9.639999999999418,13959.0,13968.64,15440,15510,15530,15255,0.0,15510,0,0
271,2024-05-28,9.639999999999418,14463.0,14472.64,15645,16070,16125,15510,0.0,16070,0,0
272,2024-05-29,9.639999999999418,14085.0,14094.64,16075,15650,16120,15560,0.0,15650,0,0
273,2024-05-30,9.639999999999418,13630.5,13640.14,15655,15145,15760,15140,0.0,15145,0,0
274,2024-05-31,9.639999999999418,13473.0,13482.64,15305,14970,15350,14940,0.0,14970,0,0
275,2024-06-03,9.639999999999418,13941.0,13950.64,15150,15490,15935,15150,0.0,15490,0,0
276,2024-06-04,9.639999999999418,13698.0,13707.64,15395,15220,15445,15060,0.0,15220,0,0
277,2024-06-05,9.639999999999418,13459.5,13469.14,15205,14955,15270,14930,0.0,14955,0,0
278,2024-06-07,13603.645214577999,0.0,13603.645214577999,15105,15190,15300,15095,-1.0,15190,0,0
279,2024-06-10,13603.645214577999,0.0,13603.645214577999,15090,15380,15415,15030,0.0,15380,0,0
280,2024-06-11,13603.645214577999,0.0,13603.645214577999,15480,15215,15550,15205,0.0,15215,0,0
281,2024-06-12,13603.645214577999,0.0,13603.645214577999,15190,15380,15455,15120,0.0,15380,0,0
282,2024-06-13,148.45521457799805,13454.699999999999,13603.155214577997,15410,15645,15735,15410,1.0,15645,0,0
283,2024-06-14,148.45521457799805,13643.9,13792.355214577998,15645,15865,15935,15525,0.0,15865,0,0
284,2024-06-17,148.45521457799805,14271.699999999999,14420.155214577997,16100,16595,16645,15860,0.0,16595,0,0
285,2024-06-18,148.45521457799805,14164.199999999999,14312.655214577997,16610,16470,16640,16380,0.0,16470,0,0
286,2024-06-19,148.45521457799805,14551.199999999999,14699.655214577997,16510,16920,16960,16405,0.0,16920,0,0
287,2024-06-20,148.45521457799805,14439.4,14587.855214577998,17000,16790,17060,16570,0.0,16790,0,0
288,2024-06-21,148.45521457799805,14104.0,14252.455214577998,16950,16400,17255,16330,0.0,16400,0,0
289,2024-06-24,148.45521457799805,14241.6,14390.055214577998,16505,16560,16830,16485,0.0,16560,0,0
290,2024-06-25,148.45521457799805,14138.4,14286.855214577998,16630,16440,16735,16400,0.0,16440,0,0
291,2024-06-26,148.45521457799805,13833.1,13981.555214577998,16430,16085,16430,15950,0.0,16085,0,0
292,2024-06-27,148.45521457799805,13871.8,14020.255214577997,16050,16130,16150,15910,0.0,16130,0,0
293,2024-06-28,148.45521457799805,14366.3,14514.755214577997,16190,16705,16710,16010,0.0,16705,0,0
294,2024-07-01,148.45521457799805,14284.6,14433.055214577998,16705,16610,16890,16540,0.0,16610,0,0
295,2024-07-02,148.45521457799805,13708.4,13856.855214577998,16610,15940,16610,15845,0.0,15940,0,0
296,2024-07-03,148.45521457799805,13613.8,13762.255214577997,15990,15830,16000,15750,0.0,15830,0,0
297,2024-07-04,148.45521457799805,13794.4,13942.855214577998,15760,16040,16100,15760,0.0,16040,0,0
298,2024-07-05,148.45521457799805,13824.5,13972.955214577998,16095,16075,16135,15950,0.0,16075,0,0
299,2024-07-08,148.45521457799805,14091.1,14239.555214577998,16075,16385,16455,16075,0.0,16385,0,0
300,2024-07-09,148.45521457799805,14258.8,14407.255214577997,16480,16580,16600,16295,0.0,16580,0,0
301,2024-07-10,148.45521457799805,14258.8,14407.255214577997,16665,16580,17045,16580,0.0,16580,0,0
302,2024-07-11,148.45521457799805,14220.1,14368.555214577998,16680,16535,16790,16455,0.0,16535,0,0
303,2024-07-12,148.45521457799805,14104.0,14252.455214577998,16535,16400,16650,16300,0.0,16400,0,0
304,2024-07-15,148.45521457799805,14714.6,14863.055214577998,16740,17110,17355,16695,0.0,17110,0,0
305,2024-07-16,148.45521457799805,14882.3,15030.755214577997,17250,17305,17530,17170,0.0,17305,0,0
306,2024-07-17,148.45521457799805,14955.4,15103.855214577998,17405,17390,17800,17345,0.0,17390,0,0
307,2024-07-18,148.45521457799805,14663.0,14811.455214577998,17305,17050,17665,16955,0.0,17050,0,0
308,2024-07-19,148.45521457799805,14723.199999999999,14871.655214577997,16930,17120,17185,16730,0.0,17120,0,0
309,2024-07-22,148.45521457799805,14641.5,14789.955214577998,17235,17025,17460,16845,0.0,17025,0,0
310,2024-07-23,148.45521457799805,15080.1,15228.555214577998,16965,17535,17645,16885,0.0,17535,0,0
311,2024-07-24,148.45521457799805,15441.3,15589.755214577997,17525,17955,18060,17390,0.0,17955,0,0
312,2024-07-25,148.45521457799805,14860.8,15009.255214577997,17905,17280,17940,17210,0.0,17280,0,0
313,2024-07-26,148.45521457799805,15325.199999999999,15473.655214577997,17325,17820,17860,17295,0.0,17820,0,0
314,2024-07-29,148.45521457799805,15871.3,16019.755214577997,17980,18455,18455,17690,0.0,18455,0,0
315,2024-07-30,148.45521457799805,15806.8,15955.255214577997,18520,18380,18690,18140,0.0,18380,0,0
316,2024-07-31,148.45521457799805,15303.699999999999,15452.155214577997,18180,17795,18615,17570,0.0,17795,0,0
317,2024-08-01,148.45521457799805,15755.199999999999,15903.655214577997,17750,18320,18445,17675,0.0,18320,0,0
318,2024-08-02,148.45521457799805,15114.5,15262.955214577998,18025,17575,18300,17465,0.0,17575,0,0
319,2024-08-05,148.45521457799805,13854.6,14003.055214577998,17200,16110,17295,15190,0.0,16110,0,0
320,2024-08-06,148.45521457799805,14134.1,14282.555214577998,16540,16435,16880,16145,0.0,16435,0,0
321,2024-08-07,148.45521457799805,14680.199999999999,14828.655214577997,16460,17070,17290,16340,0.0,17070,0,0
322,2024-08-08,148.45521457799805,15015.6,15164.055214577998,16930,17460,17505,16655,0.0,17460,0,0
323,2024-08-09,148.45521457799805,15127.4,15275.855214577998,17635,17590,17755,17505,0.0,17590,0,0
324,2024-08-12,148.45521457799805,15381.1,15529.555214577998,17635,17885,17885,17380,0.0,17885,0,0
325,2024-08-13,148.45521457799805,15591.8,15740.255214577997,17945,18130,18570,17880,0.0,18130,0,0
326,2024-08-14,148.45521457799805,15871.3,16019.755214577997,18295,18455,18460,18070,0.0,18455,0,0
327,2024-08-16,148.45521457799805,15862.699999999999,16011.155214577997,18555,18445,18565,18395,0.0,18445,0,0
328,2024-08-19,148.45521457799805,15656.3,15804.755214577997,18440,18205,18650,18155,0.0,18205,0,0
329,2024-08-20,148.45521457799805,15540.199999999999,15688.655214577997,18235,18070,18235,17750,0.0,18070,0,0
330,2024-08-21,148.45521457799805,15523.0,15671.455214577998,17980,18050,18095,17705,0.0,18050,0,0
331,2024-08-22,148.45521457799805,15213.4,15361.855214577998,18135,17690,18190,17550,0.0,17690,0,0
332,2024-08-23,148.45521457799805,15333.8,15482.255214577997,17515,17830,17875,17515,0.0,17830,0,0
333,2024-08-26,148.45521457799805,15368.199999999999,15516.655214577997,17950,17870,17995,17665,0.0,17870,0,0
334,2024-08-27,148.45521457799805,15523.0,15671.455214577998,17785,18050,18050,17645,0.0,18050,0,0
335,2024-08-28,148.45521457799805,15458.5,15606.955214577998,18150,17975,18415,17860,0.0,17975,0,0
336,2024-08-29,148.45521457799805,15394.0,15542.455214577998,17870,17900,17985,17765,0.0,17900,0,0
337,2024-08-30,148.45521457799805,15609.0,15757.455214577998,18010,18150,18185,18010,0.0,18150,0,0
338,2024-09-02,148.45521457799805,15501.5,15649.955214577998,18280,18025,18280,17910,0.0,18025,0,0
339,2024-09-03,148.45521457799805,15596.1,15744.555214577998,18055,18135,18350,18045,0.0,18135,0,0
340,2024-09-04,148.45521457799805,15273.6,15422.055214577998,17690,17760,17900,17650,0.0,17760,0,0
341,2024-09-05,148.45521457799805,15028.5,15176.955214577998,17880,17475,18000,17340,0.0,17475,0,0
342,2024-09-06,148.45521457799805,14675.9,14824.355214577998,17430,17065,17475,17020,0.0,17065,0,0
343,2024-09-09,148.45521457799805,14607.1,14755.555214577998,16845,16985,17035,16690,0.0,16985,0,0
344,2024-09-10,148.45521457799805,14714.6,14863.055214577998,16990,17110,17225,16900,0.0,17110,0,0
345,2024-09-11,148.45521457799805,14594.199999999999,14742.655214577997,17180,16970,17320,16920,0.0,16970,0,0
346,2024-09-12,148.45521457799805,14959.699999999999,15108.155214577997,17165,17395,17395,17060,0.0,17395,0,0
347,2024-09-13,148.45521457799805,15209.1,15357.555214577998,17465,17685,17725,17465,0.0,17685,0,0
348,2024-09-19,148.45521457799805,15381.1,15529.555214577998,17850,17885,17910,17660,0.0,17885,0,0
349,2024-09-20,148.45521457799805,15609.0,15757.455214577998,18050,18150,18280,17960,0.0,18150,0,0
350,2024-09-23,148.45521457799805,15626.199999999999,15774.655214577997,18280,18170,18280,18050,0.0,18170,0,0
351,2024-09-24,148.45521457799805,15695.0,15843.455214577998,18180,18250,18250,18035,0.0,18250,0,0
352,2024-09-25,148.45521457799805,15725.1,15873.555214577998,18345,18285,18480,18260,0.0,18285,0,0
353,2024-09-26,148.45521457799805,15626.199999999999,15774.655214577997,18300,18170,18300,17980,0.0,18170,0,0
354,2024-09-27,148.45521457799805,15703.6,15852.055214577998,18550,18260,18720,18050,0.0,18260,0,0
355,2024-09-30,148.45521457799805,15467.1,15615.555214577998,18355,17985,18360,17975,0.0,17985,0,0
356,2024-10-02,148.45521457799805,15634.8,15783.255214577997,18200,18180,18290,17870,0.0,18180,0,0
357,2024-10-04,148.45521457799805,16198.1,16346.555214577998,18300,18835,18945,18265,0.0,18835,0,0
358,2024-10-07,148.45521457799805,16813.0,16961.455214577996,18965,19550,19630,18835,0.0,19550,0,0
359,2024-10-08,148.45521457799805,16881.8,17030.255214578,19490,19630,19730,19410,0.0,19630,0,0
360,2024-10-10,148.45521457799805,16727.0,16875.455214577996,19790,19450,19805,19250,0.0,19450,0,0
361,2024-10-11,148.45521457799805,16765.7,16914.155214578,19545,19495,19825,19420,0.0,19495,0,0
362,2024-10-14,148.45521457799805,16757.1,16905.555214577995,19610,19485,19780,19250,0.0,19485,0,0
363,2024-10-15,148.45521457799805,17062.4,17210.855214577998,19555,19840,19855,19365,0.0,19840,0,0
364,2024-10-16,148.45521457799805,17182.8,17331.255214578,19835,19980,20225,19600,0.0,19980,0,0
365,2024-10-17,148.45521457799805,17625.7,17774.155214578,20120,20495,20540,19975,0.0,20495,0,0
366,2024-10-18,148.45521457799805,17415.0,17563.455214577996,20450,20250,20520,20135,0.0,20250,0,0
367,2024-10-21,148.45521457799805,17565.5,17713.955214577996,20395,20425,20775,20025,0.0,20425,0,0
368,2024-10-22,148.45521457799805,17802.0,17950.455214577996,20485,20700,20730,20195,0.0,20700,0,0
369,2024-10-23,148.45521457799805,17384.9,17533.355214577998,20690,20215,20695,20060,0.0,20215,0,0
370,2024-10-24,148.45521457799805,17376.3,17524.755214578,20085,20205,20360,20055,0.0,20205,0,0
371,2024-10-25,148.45521457799805,17376.3,17524.755214578,20160,20205,20495,19880,0.0,20205,0,0
372,2024-10-28,148.45521457799805,17204.3,17352.755214578,20260,20005,20260,19945,0.0,20005,0,0
373,2024-10-29,148.45521457799805,17307.5,17455.955214577996,20035,20125,20595,20025,0.0,20125,0,0
374,2024-10-30,148.45521457799805,17277.4,17425.855214577998,20250,20090,20355,19930,0.0,20090,0,0
375,2024-10-31,148.45521457799805,16907.6,17056.055214577995,20010,19660,20170,19460,0.0,19660,0,0
376,2024-11-01,148.45521457799805,16843.1,16991.555214577995,19575,19585,19985,19100,0.0,19585,0,0
377,2024-11-04,148.45521457799805,16718.4,16866.855214577998,19600,19440,19680,19155,0.0,19440,0,0
378,2024-11-05,148.45521457799805,16744.2,16892.655214578,19360,19470,19590,19150,0.0,19470,0,0
379,2024-11-06,148.45521457799805,17406.4,17554.855214577998,19560,20240,20400,19430,0.0,20240,0,0
380,2024-11-07,148.45521457799805,18193.3,18341.755214578,20625,21155,21180,20435,0.0,21155,0,0
381,2024-11-08,148.45521457799805,18477.1,18625.555214577995,21295,21485,21645,21055,0.0,21485,0,0
382,2024-11-11,148.45521457799805,19178.0,19326.455214577996,21625,22300,22305,21625,0.0,22300,0,0
383,2024-11-12,148.45521457799805,18971.6,19120.055214577995,22370,22060,22650,21900,0.0,22060,0,0
384,2024-11-13,148.45521457799805,18395.4,18543.855214577998,22100,21390,22195,21265,0.0,21390,0,0
385,2024-11-14,148.45521457799805,19212.4,19360.855214577998,21465,22340,22405,21465,0.0,22340,0,0
386,2024-11-15,148.45521457799805,18945.8,19094.255214578,22225,22030,22455,21715,0.0,22030,0,0
387,2024-11-18,148.45521457799805,18601.8,18750.255214578,21750,21630,22050,21510,0.0,21630,0,0
388,2024-11-19,148.45521457799805,18502.9,18651.355214577998,21735,21515,21845,21235,0.0,21515,0,0
389,2024-11-20,148.45521457799805,18610.4,18758.855214577998,21510,21640,21860,21235,0.0,21640,0,0
390,2024-11-21,148.45521457799805,17595.6,17744.055214577995,21450,20460,21605,20255,0.0,20460,0,0
391,2024-11-22,148.45521457799805,18223.4,18371.855214577998,20625,21190,21200,20590,0.0,21190,0,0
392,2024-11-25,148.45521457799805,17681.6,17830.055214577995,21220,20560,21350,20130,0.0,20560,0,0
393,2024-11-26,148.45521457799805,16193.8,16342.255214577997,20225,18830,20225,18800,0.0,18830,0,0
394,2024-11-27,148.45521457799805,16193.8,16342.255214577997,18705,18830,19120,18700,0.0,18830,0,0
395,2024-11-28,148.45521457799805,16383.0,16531.455214577996,18755,19050,19255,18635,0.0,19050,0,0
396,2024-11-29,148.45521457799805,15910.0,16058.455214577998,18930,18500,19225,18460,0.0,18500,0,0
397,2024-12-02,16100.874589189998,0.0,16100.874589189998,18550,18475,18790,18340,-1.0,18475,0,0
398,2024-12-03,16100.874589189998,0.0,16100.874589189998,18665,19200,19250,18665,0.0,19200,0,0
399,2024-12-04,16100.874589189998,0.0,16100.874589189998,18710,18800,19200,18660,0.0,18800,0,0
400,2024-12-05,16100.874589189998,0.0,16100.874589189998,18825,17785,18850,17700,0.0,17785,0,0
401,2024-12-06,16100.874589189998,0.0,16100.874589189998,17790,17340,17885,16890,0.0,17340,0,0
402,2024-12-09,16100.874589189998,0.0,16100.874589189998,16700,16210,16900,16195,0.0,16210,0,0
403,2024-12-10,16100.874589189998,0.0,16100.874589189998,16365,16940,16940,16120,0.0,16940,0,0
404,2024-12-11,16100.874589189998,0.0,16100.874589189998,17015,17510,17580,16770,0.0,17510,0,0
405,2024-12-12,16100.874589189998,0.0,16100.874589189998,17695,18060,18095,17555,0.0,18060,0,0
406,2024-12-13,16100.874589189998,0.0,16100.874589189998,18260,18215,18260,17780,0.0,18215,0,0
407,2024-12-16,16100.874589189998,0.0,16100.874589189998,18470,17985,18470,17860,0.0,17985,0,0
408,2024-12-17,16100.874589189998,0.0,16100.874589189998,17985,17645,18050,17515,0.0,17645,0,0
409,2024-12-18,16100.874589189998,0.0,16100.874589189998,17530,17620,17930,17485,0.0,17620,0,0
410,2024-12-19,16100.874589189998,0.0,16100.874589189998,17100,17710,17880,17065,0.0,17710,0,0
411,2024-12-20,16100.874589189998,0.0,16100.874589189998,17725,17610,17975,17490,0.0,17610,0,0
412,2024-12-23,16100.874589189998,0.0,16100.874589189998,17895,18610,18650,17895,0.0,18610,0,0
413,2024-12-24,16100.874589189998,0.0,16100.874589189998,18800,18510,18845,18385,0.0,18510,0,0
414,2024-12-26,16100.874589189998,0.0,16100.874589189998,18565,18660,18820,18400,0.0,18660,0,0
415,2024-12-27,16100.874589189998,0.0,16100.874589189998,18640,18385,18895,18225,0.0,18385,0,0
416,2024-12-30,16100.874589189998,0.0,16100.874589189998,18325,18810,18835,18320,0.0,18810,0,0
417,2025-01-02,16100.874589189998,0.0,16100.874589189998,18820,19860,19875,18820,0.0,19860,0,0
418,2025-01-03,16100.874589189998,0.0,16100.874589189998,19845,19930,20000,19655,0.0,19930,0,0
419,2025-01-06,16100.874589189998,0.0,16100.874589189998,19940,19875,20110,19760,0.0,19875,0,0
420,2025-01-07,122.79458918999808,15977.5,16100.294589189998,20145,20750,20865,20095,1.0,20750,0,0
421,2025-01-08,122.79458918999808,15896.65,16019.444589189998,20710,20645,20710,20305,0.0,20645,0,0
422,2025-01-09,122.79458918999808,15969.800000000001,16092.59458919,20485,20740,20740,19840,0.0,20740,0,0
423,2025-01-10,122.79458918999808,15692.6,15815.394589189998,20615,20380,20705,20220,0.0,20380,0,0
424,2025-01-13,122.79458918999808,15835.050000000001,15957.84458919,20395,20565,20650,20310,0.0,20565,0,0
425,2025-01-14,122.79458918999808,16273.95,16396.74458919,20620,21135,21295,20620,0.0,21135,0,0
426,2025-01-15,122.79458918999808,16439.5,16562.294589189998,21230,21350,21490,21085,0.0,21350,0,0
427,2025-01-16,122.79458918999808,16431.8,16554.594589189997,21485,21340,21505,21045,0.0,21340,0,0
428,2025-01-17,122.79458918999808,16335.550000000001,16458.344589189997,21205,21215,21380,20965,0.0,21215,0,0
429,2025-01-20,122.79458918999808,16239.300000000001,16362.09458919,21300,21090,21300,20880,0.0,21090,0,0
430,2025-01-21,122.79458918999808,16751.350000000002,16874.14458919,21200,21755,21755,21200,0.0,21755,0,0
431,2025-01-22,122.79458918999808,16674.350000000002,16797.14458919,21915,21655,22045,21560,0.0,21655,0,0
432,2025-01-23,122.79458918999808,16343.25,16466.044589189998,21715,21225,21925,21165,0.0,21225,0,0
433,2025-01-24,122.79458918999808,17259.55,17382.344589189997,21315,22415,22425,21315,0.0,22415,0,0
434,2025-01-31,122.79458918999808,17105.55,17228.344589189997,22500,22215,22670,22080,0.0,22215,0,0
